Date,CHI_Description,CHI_Description_y,Gender,MedalRank,Name,CHI_Description_x,BirthDate,AthleteCode,Team_Event
20210712,跳水,青年组男子双人跳台,1,1,陕西,陕西,,,Y
20210712,跳水,青年组男子双人跳台,1,2,山东,山东,,,Y
20210712,跳水,青年组男子双人跳台,1,3,天津,天津,,,Y
20210712,跳水,青年组女子双人跳台,2,1,江苏,江苏,,,Y
20210712,跳水,青年组女子双人跳台,2,2,广东,广东,,,Y
20210712,跳水,青年组女子双人跳台,2,3,天津,天津,,,Y
20210713,跳水,青年组男子跳台,1,1,白钰鸣,陕西,2007/1/10,DIVMS0144488,N
20210713,跳水,青年组男子跳台,1,2,白钰豪,陕西,2007/1/10,DIVMS0144487,N
20210713,跳水,青年组男子跳台,1,3,王飞龙,江苏,2008/10/24,DIVMS0055131,N
20210713,跳水,青年组女子跳台,2,1,邓佳琪,江西,2008/7/29,DIVWS0073451,N
20210713,跳水,青年组女子跳台,2,2,吴心怡,江苏,2007/11/17,DIVWS0055144,N
20210713,跳水,青年组女子跳台,2,3,别诗晗,广东,2008/1/27,DIVWS0119592,N
20210713,体操,男子U17组团体,1,1,陕西,陕西,,,Y
20210713,体操,男子U17组团体,1,2,上海,上海,,,Y
20210713,体操,男子U17组团体,1,3,江苏,江苏,,,Y
20210714,体操,女子U14组团体,2,1,浙江,浙江,,,Y
20210714,体操,女子U14组团体,2,2,湖北,湖北,,,Y
20210714,体操,女子U14组团体,2,3,广东,广东,,,Y
20210712,跳水,青年组男子双人跳台,1,1,陕西,陕西,,,Y
20210712,跳水,青年组男子双人跳台,1,2,山东,山东,,,Y
20210712,跳水,青年组男子双人跳台,1,3,天津,天津,,,Y
20210712,跳水,青年组女子双人跳台,2,1,江苏,江苏,,,Y
20210712,跳水,青年组女子双人跳台,2,2,广东,广东,,,Y
20210712,跳水,青年组女子双人跳台,2,3,天津,天津,,,Y
20210713,跳水,青年组男子跳台,1,1,白钰鸣,陕西,2007/1/10,DIVMS0144488,N
20210713,跳水,青年组男子跳台,1,2,白钰豪,陕西,2007/1/10,DIVMS0144487,N
20210713,跳水,青年组男子跳台,1,3,王飞龙,江苏,2008/10/24,DIVMS0055131,N
20210713,跳水,青年组女子跳台,2,1,邓佳琪,江西,2008/7/29,DIVWS0073451,N
20210713,跳水,青年组女子跳台,2,2,吴心怡,江苏,2007/11/17,DIVWS0055144,N
20210713,跳水,青年组女子跳台,2,3,别诗晗,广东,2008/1/27,DIVWS0119592,N
20210713,体操,男子U17组团体,1,1,陕西,陕西,,,Y
20210713,体操,男子U17组团体,1,2,上海,上海,,,Y
20210713,体操,男子U17组团体,1,3,江苏,江苏,,,Y
20210714,体操,女子U14组团体,2,1,浙江,浙江,,,Y
20210714,体操,女子U14组团体,2,2,湖北,湖北,,,Y
20210714,体操,女子U14组团体,2,3,广东,广东,,,Y
20210712,跳水,青年组男子双人跳台,1,1,陕西,陕西,,,Y
20210712,跳水,青年组男子双人跳台,1,2,山东,山东,,,Y
20210712,跳水,青年组男子双人跳台,1,3,天津,天津,,,Y
20210712,跳水,青年组女子双人跳台,2,1,江苏,江苏,,,Y
20210712,跳水,青年组女子双人跳台,2,2,广东,广东,,,Y
20210712,跳水,青年组女子双人跳台,2,3,天津,天津,,,Y
20210713,跳水,青年组男子跳台,1,1,白钰鸣,陕西,2007/1/10,DIVMS0144488,N
20210713,跳水,青年组男子跳台,1,2,白钰豪,陕西,2007/1/10,DIVMS0144487,N
20210713,跳水,青年组男子跳台,1,3,王飞龙,江苏,2008/10/24,DIVMS0055131,N
20210713,跳水,青年组女子跳台,2,1,邓佳琪,江西,2008/7/29,DIVWS0073451,N
20210713,跳水,青年组女子跳台,2,2,吴心怡,江苏,2007/11/17,DIVWS0055144,N
20210713,跳水,青年组女子跳台,2,3,别诗晗,广东,2008/1/27,DIVWS0119592,N
20210713,体操,男子U17组团体,1,1,陕西,陕西,,,Y
20210713,体操,男子U17组团体,1,2,上海,上海,,,Y
20210713,体操,男子U17组团体,1,3,江苏,江苏,,,Y
20210714,体操,女子U14组团体,2,1,浙江,浙江,,,Y
20210714,体操,女子U14组团体,2,2,湖北,湖北,,,Y
20210714,体操,女子U14组团体,2,3,广东,广东,,,Y
20210822,排球,男子成年组,1,1,上海,上海,,,Y
20210822,排球,男子成年组,1,2,山东,山东,,,Y
20210822,排球,男子成年组,1,3,浙江,浙江,,,Y
20210831,花样游泳,双人,2,1,联合队,联合队,,,Y
20210831,花样游泳,双人,2,2,广东,广东,,,Y
20210831,花样游泳,双人,2,3,四川,四川,,,Y
20210901,花样游泳,自由组合,2,1,北京,北京,,,Y
20210901,花样游泳,自由组合,2,2,四川,四川,,,Y
20210901,花样游泳,自由组合,2,3,上海,上海,,,Y
20210901,武术套路,男子长拳、刀术、棍术全能,1,1,吴照华,江苏,1998/9/2,WTLMS0056397,N
20210901,武术套路,男子长拳、刀术、棍术全能,1,2,常志昭,甘肃,1992/8/29,WTLMS0148138,N
20210901,武术套路,男子长拳、刀术、棍术全能,1,3,孙培原,山东,1989/8/27,WTLMS0091206,N
20210901,武术套路,女子南拳、南刀、南棍全能,2,1,张雅玲,福建,2000/3/1,WTLWS0070622,N
20210901,武术套路,女子南拳、南刀、南棍全能,2,2,汤露,上海,1992/1/22,WTLWS0053181,N
20210901,武术套路,女子南拳、南刀、南棍全能,2,3,刘津霞,四川,1993/7/6,WTLWS0133440,N
20210902,花样游泳,集体,2,1,联合队,联合队,,,Y
20210902,花样游泳,集体,2,2,四川,四川,,,Y
20210902,花样游泳,集体,2,3,北京,北京,,,Y
20210902,武术套路,男子南拳、南刀、南棍全能,1,1,梁永达,福建,1990/8/1,WTLMS0070574,N
20210902,武术套路,男子南拳、南刀、南棍全能,1,2,刘忠鑫,江西,1994/2/20,WTLMS0074728,N
20210902,武术套路,男子南拳、南刀、南棍全能,1,3,杜洪杰,天津,2000/6/24,WTLMS0004410,N
20210902,武术套路,女子长拳、剑术、枪术全能,2,1,赖晓晓,安徽,1993/12/3,WTLWS0067284,N
20210902,武术套路,女子长拳、剑术、枪术全能,2,2,姚洋,山西,1998/7/30,WTLWS0019364,N
20210902,武术套路,女子长拳、剑术、枪术全能,2,3,王子文,河北,2000/2/17,WTLWS0012728,N
20210903,射击,男子飞碟双向,1,1,韩旭,山东,2001/5/9,SHOMS0075966,N
20210903,射击,男子飞碟双向,1,2,吕健林,四川,1996/7/26,SHOMS0131094,N
20210903,射击,男子飞碟双向,1,3,万安涛,陕西,1985/1/10,SHOMS0140857,N
20210903,射击,女子飞碟双向,2,1,魏萌,山东,1989/6/14,SHOWS0076295,N
20210903,射击,女子飞碟双向,2,2,张冬莲,江西,1982/10/11,SHOWS0071171,N
20210903,射击,女子飞碟双向,2,3,黄思雪,上海,1991/10/8,SHOWS0050486,N
20210903,武术套路,男子太极拳、太极剑全能,1,1,杨顺洪,陕西,1990/11/22,WTLMS0146157,N
20210903,武术套路,男子太极拳、太极剑全能,1,2,陈洲理,福建,1989/11/13,WTLMS0070558,N
20210903,武术套路,男子太极拳、太极剑全能,1,3,吕泰东,北京,1990/11/17,WTLMS0002686,N
20210903,武术套路,女子太极拳、太极剑全能,2,1,巨文馨,河北,1991/10/29,WTLWS0012541,N
20210903,武术套路,女子太极拳、太极剑全能,2,2,张黎,吉林,2000/8/2,WTLWS0046522,N
20210903,武术套路,女子太极拳、太极剑全能,2,3,童心,福建,2001/6/2,WTLWS0070594,N
20210903,武术套路,团体,X,1,陕西,陕西,,,Y
20210903,武术套路,团体,X,2,重庆,重庆,,,Y
20210903,武术套路,团体,X,3,浙江,浙江,,,Y
20210904,射击,飞碟双向混合团体,X,1,山东二队,山东,,,Y
20210904,射击,飞碟双向混合团体,X,2,辽宁一队,辽宁,,,Y
20210904,射击,飞碟双向混合团体,X,3,山东一队,山东,,,Y
20210905,蹦床,男子团体,1,1,江苏,江苏,,,Y
20210905,蹦床,男子团体,1,2,山西,山西,,,Y
20210905,蹦床,男子团体,1,3,山东,山东,,,Y
20210905,蹦床,女子团体,2,1,山西,山西,,,Y
20210905,蹦床,女子团体,2,2,浙江,浙江,,,Y
20210905,蹦床,女子团体,2,3,广东,广东,,,Y
20210906,跳水,女子团体,2,1,广东,广东,,,Y
20210906,跳水,女子团体,2,2,河北,河北,,,Y
20210906,跳水,女子团体,2,3,陕西,陕西,,,Y
20210906,蹦床,男子个人,1,1,严浪宇,湖南,1999/8/31,GTRMS0110958,N
20210906,蹦床,男子个人,1,2,董栋,山西,1989/4/13,GTRMS0018069,N
20210906,蹦床,男子个人,1,3,王啸吟,江苏,1996/3/12,GTRMS0055332,N
20210906,蹦床,女子个人,2,1,林倩麒,福建,2001/6/16,GTRWS0070168,N
20210906,蹦床,女子个人,2,2,李丹,广东,1988/9/19,GTRWS0120511,N
20210906,蹦床,女子个人,2,3,刘灵玲,福建,1994/11/8,GTRWS0070169,N
20210907,跳水,男子团体,1,1,广东,广东,,,Y
20210907,跳水,男子团体,1,2,山东,山东,,,Y
20210907,跳水,男子团体,1,3,陕西,陕西,,,Y
20210907,足球,男子18岁以下组,1,1,陕西,陕西,,,Y
20210907,足球,男子18岁以下组,1,2,重庆,重庆,,,Y
20210907,足球,男子18岁以下组,1,3,广东,广东,,,Y
20210908,跳水,男子个人全能,1,1,曹缘,北京,1995/2/7,DIVMS0001429,N
20210908,跳水,男子个人全能,1,2,练俊杰,山东,2000/11/3,DIVMS0086638,N
20210908,跳水,男子个人全能,1,3,李政,山西,2000/5/25,DIVMS0017862,N
20210908,跳水,女子个人全能,2,1,林珊,陕西,2001/8/3,DIVWS0144512,N
20210908,跳水,女子个人全能,2,2,王伟莹,广东,2003/9/20,DIVWS0119901,N
20210908,跳水,女子个人全能,2,3,许一瑾,北京,2005/1/6,DIVWS0001453,N
20210908,射击,男子飞碟多向,1,1,郭雨浩,湖南,1991/2/18,SHOMS0108559,N
20210908,射击,男子飞碟多向,1,2,赵云凯,青海,1990/1/20,SHOMS0148276,N
20210908,射击,男子飞碟多向,1,3,齐迎,山东,1997/1/23,SHOMS0076166,N
20210908,射击,女子飞碟多向,2,1,刘英姿,湖南,1971/1/27,SHOWS0108710,N
20210908,射击,女子飞碟多向,2,2,王舒颖,湖南,1989/12/3,SHOWS0108850,N
20210908,射击,女子飞碟多向,2,3,朱靖宇,山东,1991/11/8,SHOWS0076478,N
20210908,网球,男子双打,1,1,天津,天津,,,Y
20210908,网球,男子双打,1,2,河北,河北,,,Y
20210908,网球,男子双打,1,3,上海,上海,,,Y
20210908,网球,男子双打,1,3,江苏,江苏,,,Y
20210908,网球,女子双打,2,1,联合队,联合队,,,Y
20210908,网球,女子双打,2,2,四川,四川,,,Y
20210908,网球,女子双打,2,3,天津,天津,,,Y
20210908,网球,女子双打,2,3,湖北,湖北,,,Y
20210909,跳水,男子双人3米跳板,1,1,联合队,联合队,,,Y
20210909,跳水,男子双人3米跳板,1,2,江苏,江苏,,,Y
20210909,跳水,男子双人3米跳板,1,3,四川,四川,,,Y
20210909,跳水,女子双人10米跳台,2,1,联合队,联合队,,,Y
20210909,跳水,女子双人10米跳台,2,2,四川,四川,,,Y
20210909,跳水,女子双人10米跳台,2,3,天津,天津,,,Y
20210909,帆船,男子水翼帆板级,1,1,李涛,浙江,1995/1/14,SALMS0061714,N
20210909,帆船,男子水翼帆板级,1,2,姜佳鑫,辽宁,2001/7/29,SALMS0027965,N
20210909,帆船,男子水翼帆板级,1,3,池清斌,内蒙古,1997/5/20,SALMS0021402,N
20210909,帆船,男子帆板RS：X级,1,1,毕j,海南,1995/11/12,SALMS0000003,N
20210909,帆船,男子帆板RS：X级,1,2,陈昊,浙江,1999/9/10,SALMS0061657,N
20210909,帆船,男子帆板RS：X级,1,3,高梦凡,四川,1993/7/23,SALMS0131630,N
20210909,帆船,女子水翼帆板级,2,1,郑曼佳,广东,1992/1/24,SALWS0115842,N
20210909,帆船,女子水翼帆板级,2,2,杜杰,山东,1995/12/22,SALWS0078511,N
20210909,帆船,女子水翼帆板级,2,3,马娇,四川,1993/3/17,SALWS0131666,N
20210909,帆船,女子帆板RS：X级,2,1,卢云秀,福建,1996/9/6,SALWS0068832,N
20210909,帆船,女子帆板RS：X级,2,2,闫铮,浙江,2001/10/24,SALWS0061792,N
20210909,帆船,女子帆板RS：X级,2,3,史红梅,浙江,1996/11/15,SALWS0061739,N
20210909,射击,飞碟多向混合团体,X,1,联合队,联合队,,,Y
20210909,射击,飞碟多向混合团体,X,2,上海一队,上海,,,Y
20210909,射击,飞碟多向混合团体,X,3,上海二队,上海,,,Y
20210909,网球,男子单打,1,1,李,天津,1986/9/20,TENMS0004272,N
20210909,网球,男子单打,1,2,张择,江苏,1990/7/4,TENMS0056235,N
20210909,网球,男子单打,1,3,张之臻,上海,1996/10/16,TENMS0053068,N
20210909,网球,男子单打,1,3,特日格乐,北京,1997/10/9,TENMS0002447,N
20210909,网球,女子单打,2,1,王蔷,天津,1992/1/14,TENWS0004292,N
20210909,网球,女子单打,2,2,郑赛赛,天津,1994/2/5,TENWS0004326,N
20210909,网球,女子单打,2,3,朱琳,安徽,1994/1/28,TENWS0067217,N
20210909,网球,女子单打,2,3,王雅繁,四川,1994/4/30,TENWS0133286,N
20210909,网球,混合双打,X,1,江苏,江苏,,,Y
20210909,网球,混合双打,X,2,天津,天津,,,Y
20210909,网球,混合双打,X,3,北京,北京,,,Y
20210909,网球,混合双打,X,3,浙江,浙江,,,Y
20210910,皮划艇激流回旋,男子单人皮艇,1,1,全鑫,福建,1996/11/24,CSLMS0068744,N
20210910,皮划艇激流回旋,男子单人皮艇,1,2,谭亚,广东,1992/7/18,CSLMS0115173,N
20210910,皮划艇激流回旋,男子单人皮艇,1,3,朱浩然,广东,1997/6/2,CSLMS0115218,N
20210910,皮划艇激流回旋,女子单人皮艇,2,1,李露,四川,1992/2/18,CSLWS0131594,N
20210910,皮划艇激流回旋,女子单人皮艇,2,2,晏佳华,贵州,1997/2/2,CSLWS0135139,N
20210910,皮划艇激流回旋,女子单人皮艇,2,3,李彤,湖北,1988/10/8,CSLWS0103428,N
20210910,场地自行车,男子团体竞速赛,1,1,浙江,浙江,,,Y
20210910,场地自行车,男子团体竞速赛,1,2,山东,山东,,,Y
20210910,场地自行车,男子团体竞速赛,1,3,上海,上海,,,Y
20210910,场地自行车,女子团体竞速赛,2,1,联合队,联合队,,,Y
20210910,场地自行车,女子团体竞速赛,2,2,江苏,江苏,,,Y
20210910,场地自行车,女子团体竞速赛,2,3,吉林,吉林,,,Y
20210910,跳水,男子双人10米跳台,1,1,联合队,联合队,,,Y
20210910,跳水,男子双人10米跳台,1,2,天津,天津,,,Y
20210910,跳水,男子双人10米跳台,1,3,陕西,陕西,,,Y
20210910,跳水,女子双人3米跳板,2,1,联合队,联合队,,,Y
20210910,跳水,女子双人3米跳板,2,2,湖北,湖北,,,Y
20210910,跳水,女子双人3米跳板,2,3,广东,广东,,,Y
20210910,足球,女子18岁以下组,2,1,上海,上海,,,Y
20210910,足球,女子18岁以下组,2,2,浙江,浙江,,,Y
20210910,足球,女子18岁以下组,2,3,陕西,陕西,,,Y
20210910,帆船,男子49人级,1,1,山东,山东,,,Y
20210910,帆船,男子49人级,1,2,上海,上海,,,Y
20210910,帆船,男子49人级,1,3,浙江,浙江,,,Y
20210910,帆船,男子水翼风筝板场地赛,1,1,黄齐滨,福建,2006/7/5,SALMS0068805,N
20210910,帆船,男子水翼风筝板场地赛,1,2,张浩然,山东,2000/1/10,SALMS0078577,N
20210910,帆船,男子水翼风筝板场地赛,1,3,伍彦颖,广东,2003/4/4,SALMS0115720,N
20210910,帆船,女子49人级,2,1,联合队,联合队,,,Y
20210910,帆船,女子49人级,2,2,福建,福建,,,Y
20210910,帆船,女子49人级,2,3,山东,山东,,,Y
20210910,帆船,女子水翼风筝板场地赛,2,1,刘辰雪,山东,2004/8/10,SALWS0078532,N
20210910,帆船,女子水翼风筝板场地赛,2,2,陈静乐,福建,2000/12/28,SALWS0068789,N
20210910,帆船,女子水翼风筝板场地赛,2,3,李科汶,山东,2001/1/29,SALWS0078525,N
20210910,帆船,混合诺卡拉17级,X,1,联合队,联合队,,,Y
20210910,帆船,混合诺卡拉17级,X,2,广东,广东,,,Y
20210910,帆船,混合诺卡拉17级,X,3,山东,山东,,,Y
20210910,垒球,女子垒球,2,1,江苏,江苏,,,Y
20210910,垒球,女子垒球,2,2,四川,四川,,,Y
20210910,垒球,女子垒球,2,3,上海,上海,,,Y
20210911,羽毛球,男子团体,1,1,福建,福建,,,Y
20210911,羽毛球,男子团体,1,2,广东,广东,,,Y
20210911,羽毛球,男子团体,1,3,江苏,江苏,,,Y
20210911,羽毛球,女子团体,2,1,湖北,湖北,,,Y
20210911,羽毛球,女子团体,2,2,江苏,江苏,,,Y
20210911,羽毛球,女子团体,2,3,福建,福建,,,Y
20210911,皮划艇激流回旋,男子单人划艇,1,1,陈芳佳,福建,1989/4/19,CSLMS0068681,N
20210911,皮划艇激流回旋,男子单人划艇,1,2,舒建明,四川,1990/1/26,CSLMS0131604,N
20210911,皮划艇激流回旋,男子单人划艇,1,3,谢远聪,福建,1993/1/4,CSLMS0068760,N
20210911,皮划艇激流回旋,女子单人划艇,2,1,任烨,山东,1993/1/21,CSLWS0078489,N
20210911,皮划艇激流回旋,女子单人划艇,2,2,杨柳,湖北,1997/6/1,CSLWS0103435,N
20210911,皮划艇激流回旋,女子单人划艇,2,3,陈诗,辽宁,1993/7/6,CSLWS0027903,N
20210911,场地自行车,男子团体追逐赛,1,1,河南,河南,,,Y
20210911,场地自行车,男子团体追逐赛,1,2,北京,北京,,,Y
20210911,场地自行车,男子团体追逐赛,1,3,山东,山东,,,Y
20210911,场地自行车,女子250米计时赛,2,1,鲍珊菊,河南,1997/11/3,CTRWS0093990,N
20210911,场地自行车,女子250米计时赛,2,2,郭裕芳,河南,1999/3/15,CTRWS0094024,N
20210911,场地自行车,女子250米计时赛,2,3,祁蕾,江苏,2001/5/28,CTRWS0054225,N
20210911,场地自行车,女子团体追逐赛,2,1,山东,山东,,,Y
20210911,场地自行车,女子团体追逐赛,2,2,河南,河南,,,Y
20210911,场地自行车,女子团体追逐赛,2,3,天津,天津,,,Y
20210911,手球,女子手球,2,1,江苏,江苏,,,Y
20210911,手球,女子手球,2,2,山东,山东,,,Y
20210911,手球,女子手球,2,3,上海,上海,,,Y
20210911,滑板,男子碗池赛,1,1,韩晓刚,黑龙江,2004/5/2,SKBMS0153807,N
20210911,滑板,男子碗池赛,1,2,陈烨,广东,2008/1/31,SKBMS0153791,N
20210911,滑板,男子碗池赛,1,3,吴博文,福建,2006/11/7,SKBMS0153784,N
20210911,滑板,男子街式赛,1,1,高群翔,陕西,2002/8/5,SKBMS0153832,N
20210911,滑板,男子街式赛,1,2,潘家杰,广东,2000/6/1,SKBMS0153786,N
20210911,滑板,男子街式赛,1,3,陈子锋,湖北,2001/7/14,SKBMS0153811,N
20210911,滑板,女子碗池赛,2,1,张鑫,江苏,1998/12/1,SKBWS0153816,N
20210911,滑板,女子碗池赛,2,2,李玉娟,山东,2003/9/1,SKBWS0153820,N
20210911,滑板,女子碗池赛,2,3,娄佳怡,河南,2003/1/15,SKBWS0153805,N
20210911,滑板,女子街式赛,2,1,曾文蕙,广东,2005/2/8,SKBWS0153792,N
20210911,滑板,女子街式赛,2,2,兰俊宜,广西,2004/12/6,SKBWS0153793,N
20210911,滑板,女子街式赛,2,3,石文秀,湖北,2005/4/25,SKBWS0153809,N
20210911,冲浪,男子短板,1,1,邱灼,海南,2003/9/22,SRFMS0154035,N
20210911,冲浪,男子短板,1,2,黄一格,海南,2001/12/3,SRFMS0154018,N
20210911,冲浪,男子短板,1,3,马文嵩,山东,2004/11/10,SRFMS0153860,N
20210911,冲浪,女子短板,2,1,黄莹莹,海南,2000/1/4,SRFWS0154020,N
20210911,冲浪,女子短板,2,2,王雪银,河南,2004/12/25,SRFWS0154146,N
20210911,冲浪,女子短板,2,3,金姝含,辽宁,2008/10/12,SRFWS0154180,N
20210912,棒球,男子棒球,1,1,江苏,江苏,,,Y
20210912,棒球,男子棒球,1,2,天津,天津,,,Y
20210912,棒球,男子棒球,1,3,北京,北京,,,Y
20210912,皮划艇激流回旋,男子极限皮艇,1,1,全鑫,福建,1996/11/24,CSLMS0068744,N
20210912,皮划艇激流回旋,男子极限皮艇,1,2,赵正超,辽宁,1991/6/1,CSLMS0027935,N
20210912,皮划艇激流回旋,男子极限皮艇,1,3,吕陆辉,浙江,2005/1/16,CSLMS0061634,N
20210912,皮划艇激流回旋,女子极限皮艇,2,1,晏佳华,贵州,1997/2/2,CSLWS0135139,N
20210912,皮划艇激流回旋,女子极限皮艇,2,2,李露,四川,1992/2/18,CSLWS0131594,N
20210912,皮划艇激流回旋,女子极限皮艇,2,3,许燕茹,福建,1990/8/4,CSLWS0068763,N
20210912,场地自行车,男子全能赛,1,1,薛超华,北京,1992/3/31,CTRMS0000745,N
20210912,场地自行车,男子全能赛,1,2,姜治慧,辽宁,1994/3/3,CTRMS0026578,N
20210912,场地自行车,男子全能赛,1,3,梁嘉儒,香港,1996/5/28,CTRMS0157521,N
20210912,跳水,男子3米跳板,1,1,谢思埸,广东,1996/3/28,DIVMS0119963,N
20210912,跳水,男子3米跳板,1,2,王宗源,湖北,2001/10/24,DIVMS0103878,N
20210912,跳水,男子3米跳板,1,3,彭健烽,广东,1994/9/6,DIVMS0119852,N
20210912,跳水,女子10米跳台,2,1,全红婵,广东,2007/3/28,DIVWS0119864,N
20210912,跳水,女子10米跳台,2,2,陈芋汐,上海,2005/9/11,DIVWS0051877,N
20210912,跳水,女子10米跳台,2,3,任茜,四川,2001/2/20,DIVWS0132131,N
20210912,艺术体操,女子个人全能,2,1,赵雅婷,山西,2001/5/12,GRYWS0018053,N
20210912,艺术体操,女子个人全能,2,2,赵樾,四川,2004/4/6,GRYWS0155266,N
20210912,艺术体操,女子个人全能,2,3,王子露,陕西,2003/6/18,GRYWS0144897,N
20210912,手球,男子手球,1,1,江苏,江苏,,,Y
20210912,手球,男子手球,1,2,北京,北京,,,Y
20210912,手球,男子手球,1,3,山东,山东,,,Y
20210912,马拉松游泳,女子10公里,2,1,辛鑫,山东,1996/11/6,OWSWS0086413,N
20210912,马拉松游泳,女子10公里,2,2,侯雅雯,辽宁,1998/9/9,OWSWS0032833,N
20210912,马拉松游泳,女子10公里,2,3,董馥玮,吉林,2000/1/10,OWSWS0042335,N
20210913,场地自行车,男子麦迪逊赛,1,1,江苏,江苏,,,Y
20210913,场地自行车,男子麦迪逊赛,1,2,北京,北京,,,Y
20210913,场地自行车,男子麦迪逊赛,1,3,河南,河南,,,Y
20210913,场地自行车,男子争先赛,1,1,刘宽,江苏,1996/3/5,CTRMS0054215,N
20210913,场地自行车,男子争先赛,1,2,毕文军,山东,1992/1/12,CTRMS0076870,N
20210913,场地自行车,男子争先赛,1,3,刘琦,河南,2000/11/29,CTRMS0094075,N
20210913,场地自行车,女子麦迪逊赛,2,1,四川,四川,,,Y
20210913,场地自行车,女子麦迪逊赛,2,2,广东,广东,,,Y
20210913,场地自行车,女子麦迪逊赛,2,3,山东,山东,,,Y
20210913,场地自行车,女子争先赛,2,1,李慧,香港,1987/5/12,CTRWS0157518,N
20210913,场地自行车,女子争先赛,2,2,钟天使,上海,1991/2/2,CTRWS0051221,N
20210913,场地自行车,女子争先赛,2,3,鲍珊菊,河南,1997/11/3,CTRWS0093990,N
20210913,艺术体操,女子集体全能,2,1,联合队,联合队,,,Y
20210913,艺术体操,女子集体全能,2,2,四川,四川,,,Y
20210913,艺术体操,女子集体全能,2,3,陕西,陕西,,,Y
20210913,现代五项,女子个人,2,1,王炜,前卫体协,1993/2/4,MPNWS0077989,N
20210913,现代五项,女子个人,2,2,张明煜,山东,2001/10/3,MPNWS0078003,N
20210913,现代五项,女子个人,2,3,边雨霏,江苏,1992/4/30,MPNWS0054416,N
20210913,马拉松游泳,男子10公里,1,1,张子扬,湖北,2001/1/1,OWSMS0103768,N
20210913,马拉松游泳,男子10公里,1,2,唐浩洋,天津,2005/5/12,OWSMS0003413,N
20210913,马拉松游泳,男子10公里,1,3,刘鲁鹏,陕西,1997/7/5,OWSMS0144468,N
20210913,射击,男子10米气手枪,1,1,胡凯,安徽,2002/4/3,SHOMS0065606,N
20210913,射击,男子10米气手枪,1,2,张博文,山东,1996/4/28,SHOMS0076383,N
20210913,射击,男子10米气手枪,1,3,刘军辉,浙江,2002/5/3,SHOMS0057194,N
20210913,射击,10米气步枪混合团体,X,1,联合一队,联合队,,,Y
20210913,射击,10米气步枪混合团体,X,2,浙江二队,浙江,,,Y
20210913,射击,10米气步枪混合团体,X,3,联合二队,联合队,,,Y
20210914,场地自行车,男子凯林赛,1,1,张淼,山东,1988/8/12,CTRMS0077149,N
20210914,场地自行车,男子凯林赛,1,2,徐超,上海,1994/11/5,CTRMS0051195,N
20210914,场地自行车,男子凯林赛,1,3,刘浩潼,河北,2000/5/21,CTRMS0005796,N
20210914,场地自行车,女子凯林赛,2,1,郭裕芳,河南,1999/3/15,CTRWS0094024,N
20210914,场地自行车,女子凯林赛,2,2,翟菲,江苏,2003/8/25,CTRWS0054257,N
20210914,场地自行车,女子凯林赛,2,3,李慧,香港,1987/5/12,CTRWS0157518,N
20210914,场地自行车,女子全能赛,2,1,刘佳丽,四川,1994/4/6,CTRWS0131411,N
20210914,场地自行车,女子全能赛,2,2,刘德香,云南,1993/1/20,CTRWS0139131,N
20210914,场地自行车,女子全能赛,2,3,陈巧林,上海,1996/9/2,CTRWS0051131,N
20210914,跳水,男子10米跳台,1,1,杨健,四川,1994/6/10,DIVMS0132165,N
20210914,跳水,男子10米跳台,1,2,练俊杰,山东,2000/11/3,DIVMS0086638,N
20210914,跳水,男子10米跳台,1,3,陈艾森,广东,1995/10/22,DIVMS0119598,N
20210914,跳水,女子3米跳板,2,1,陈艺文,广东,1999/6/15,DIVWS0119616,N
20210914,跳水,女子3米跳板,2,2,王涵,河北,1991/1/24,DIVWS0010652,N
20210914,跳水,女子3米跳板,2,3,黄小惠,广西,1997/7/1,DIVWS0126991,N
20210914,现代五项,男子个人,1,1,罗帅,上海,1997/4/16,MPNMS0051375,N
20210914,现代五项,男子个人,1,2,张宇,山东,1994/9/16,MPNMS0078004,N
20210914,现代五项,男子个人,1,3,李澍寰,上海,1996/10/25,MPNMS0051373,N
20210914,射击,男子10米气手枪团体,1,1,河北,河北,,,Y
20210914,射击,男子10米气手枪团体,1,2,福建,福建,,,Y
20210914,射击,男子10米气手枪团体,1,3,山东,山东,,,Y
20210914,射击,男子10米气步枪,1,1,张常鸿,山东,2000/2/14,SHOMS0076385,N
20210914,射击,男子10米气步枪,1,2,杨皓然,河北,1996/2/22,SHOMS0005301,N
20210914,射击,男子10米气步枪,1,3,刘柏辰,辽宁,2004/4/7,SHOMS0026071,N
20210914,射击,男子25米手枪速射,1,1,李越宏,山东,1989/8/28,SHOMS0076066,N
20210914,射击,男子25米手枪速射,1,2,王亮,河南,1982/12/23,SHOMS0093219,N
20210914,射击,男子25米手枪速射,1,3,王鑫杰,上海,1996/10/24,SHOMS0050717,N
20210914,射击,女子10米气手枪,2,1,沈奕瑶,上海,2004/5/8,SHOWS0050649,N
20210914,射击,女子10米气手枪,2,2,姜冉馨,上海,2000/5/2,SHOWS0050498,N
20210914,射击,女子10米气手枪,2,3,卢恺曼,浙江,2000/3/11,SHOWS0057216,N
20210914,水球,男子水球,1,1,广东,广东,,,Y
20210914,水球,男子水球,1,2,上海,上海,,,Y
20210914,水球,男子水球,1,3,湖南,湖南,,,Y
20210915,射击,女子50米步枪3种姿势,2,1,苗婉茹,山西,2000/5/16,SHOWS0013630,N
20210915,射击,女子50米步枪3种姿势,2,2,刘汝璇,湖南,1992/8/15,SHOWS0108698,N
20210915,射击,女子50米步枪3种姿势,2,3,傅宇甜,山西,1999/3/9,SHOWS0013459,N
20210916,马术,盛装舞步团体,O,1,广东,广东,,,Y
20210916,马术,盛装舞步团体,O,2,新疆,新疆,,,Y
20210916,马术,盛装舞步团体,O,3,上海,上海,,,Y
20210916,击剑,男子佩剑个人,1,1,邓小浩,广东,1992/1/18,FENMS0113063,N
20210916,击剑,男子佩剑个人,1,2,林霄,江苏,2000/12/7,FENMS0054309,N
20210916,击剑,男子佩剑个人,1,3,许英明,广东,1992/1/22,FENMS0113844,N
20210916,击剑,女子佩剑个人,2,1,邵雅琦,天津,1996/11/28,FENWS0003096,N
20210916,击剑,女子佩剑个人,2,2,殷海云,湖北,1995/8/17,FENWS0103261,N
20210916,击剑,女子佩剑个人,2,3,钱佳睿,江苏,1992/5/30,FENWS0054331,N
20210916,柔道,男子60公斤级,1,1,刘文志,北京,2000/7/28,JUDMS0001188,N
20210916,柔道,男子60公斤级,1,2,唐小龙,北京,1993/10/15,JUDMS0001207,N
20210916,柔道,男子60公斤级,1,3,王元涛,江苏,2002/10/31,JUDMS0054837,N
20210916,柔道,男子60公斤级,1,3,伏鑫,陕西,1999/8/23,JUDMS0143024,N
20210916,柔道,男子66公斤级,1,1,马端斌,北京,1990/3/28,JUDMS0001195,N
20210916,柔道,男子66公斤级,1,2,王超,北京,1994/10/4,JUDMS0001209,N
20210916,柔道,男子66公斤级,1,3,秀都日嘎,陕西,1998/4/4,JUDMS0143218,N
20210916,柔道,男子66公斤级,1,3,薛紫阳,河北,1998/3/5,JUDMS0008898,N
20210916,柔道,女子48公斤级,2,1,刘亭,湖南,1995/2/18,JUDWS0109941,N
20210916,柔道,女子48公斤级,2,2,李亚男,山东,1994/4/27,JUDWS0082695,N
20210916,柔道,女子48公斤级,2,3,庄文娜,山东,2001/4/27,JUDWS0083799,N
20210916,柔道,女子48公斤级,2,3,莫琴琴,四川,1986/12/22,JUDWS0131872,N
20210916,柔道,女子52公斤级,2,1,伍阳英,湖南,1989/6/5,JUDWS0109996,N
20210916,柔道,女子52公斤级,2,2,张可新,辽宁,1997/6/2,JUDWS0030160,N
20210916,柔道,女子52公斤级,2,3,邳苏杰,天津,1997/3/20,JUDWS0003236,N
20210916,柔道,女子52公斤级,2,3,朱叶青,山东,1998/1/1,JUDWS0083790,N
20210916,柔道,女子57公斤级,2,1,卢童娟,广东,1990/3/10,JUDWS0117510,N
20210916,柔道,女子57公斤级,2,2,张雯,山西,1991/5/20,JUDWS0016477,N
20210916,柔道,女子57公斤级,2,3,林千禧,广东,1999/9/10,JUDWS0117466,N
20210916,柔道,女子57公斤级,2,3,王淋,天津,1995/12/27,JUDWS0003248,N
20210916,射击,男子10米气步枪团体,1,1,河北,河北,,,Y
20210916,射击,男子10米气步枪团体,1,2,浙江,浙江,,,Y
20210916,射击,男子10米气步枪团体,1,3,山东,山东,,,Y
20210916,射击,10米气手枪混合团体,X,1,山东一队,山东,,,Y
20210916,射击,10米气手枪混合团体,X,2,浙江一队,浙江,,,Y
20210916,射击,10米气手枪混合团体,X,3,贵州一队,贵州,,,Y
20210916,举重,女子49公斤级,2,1,侯志慧,湖南,1997/3/18,WLFWS0109234,N
20210916,举重,女子49公斤级,2,2,蒋惠花,广西,1998/1/22,WLFWS0125830,N
20210916,举重,女子49公斤级,2,3,王佳丽,湖南,2002/4/9,WLFWS0109443,N
20210916,举重,女子55公斤级,2,1,苏婷婷,四川,1999/10/26,WLFWS0131730,N
20210916,举重,女子55公斤级,2,2,玉玲珑,广西,2000/1/16,WLFWS0126001,N
20210916,举重,女子55公斤级,2,3,陈殊颖,广东,1997/12/13,WLFWS0115897,N
20210917,羽毛球,男子双打,1,1,王昶/周昊东,浙江,,,Y
20210917,羽毛球,男子双打,1,2,李俊慧/刘雨辰,联合队,,,Y
20210917,羽毛球,男子双打,1,3,王懿律/郑思维,浙江,,,Y
20210917,羽毛球,男子单打,1,1,石宇奇,江苏,1996/2/28,BDMMS0056111,N
20210917,羽毛球,男子单打,1,2,陆光祖,江苏,1996/10/19,BDMMS0056089,N
20210917,羽毛球,男子单打,1,3,孙飞翔,湖北,1998/5/15,BDMMS0106756,N
20210917,羽毛球,女子双打,2,1,贾一凡/陈清晨,联合队,,,Y
20210917,羽毛球,女子双打,2,2,杜h/李茵晖,湖北,,,Y
20210917,羽毛球,女子双打,2,3,李汶妹/郑雨,湖北,,,Y
20210917,羽毛球,女子单打,2,1,陈雨菲,浙江,1998/3/1,BDMWS0064388,N
20210917,羽毛球,女子单打,2,2,何冰娇,江苏,1997/3/21,BDMWS0056044,N
20210917,羽毛球,女子单打,2,3,王祉怡,湖北,2002/4/29,BDMWS0106781,N
20210917,羽毛球,混合双打,X,1,王懿律/黄东萍,联合队,,,Y
20210917,羽毛球,混合双打,X,2,郑思维/黄雅琼,浙江,,,Y
20210917,羽毛球,混合双打,X,3,任翔宇/冯雪颖,广东,,,Y
20210917,拳击,男子57公斤级,1,1,高林志,广东,1985/12/2,BOXMS0117888,N
20210917,拳击,男子57公斤级,1,2,常勇,陕西,1987/6/3,BOXMS0143325,N
20210917,拳击,男子57公斤级,1,3,吕平,贵州,1996/11/1,BOXMS0135986,N
20210917,拳击,男子57公斤级,1,3,钱茄豪,四川,2001/2/14,BOXMS0131936,N
20210917,拳击,男子69公斤级,1,1,王港,四川,1997/6/30,BOXMS0131947,N
20210917,拳击,男子69公斤级,1,2,刘伟,湖北,1987/11/27,BOXMS0103618,N
20210917,拳击,男子69公斤级,1,3,张博雄,前卫体协,1997/3/5,BOXMS0096904,N
20210917,拳击,男子69公斤级,1,3,赛日克・托了吾塔衣,陕西,1993/5/20,BOXMS0143565,N
20210917,击剑,男子佩剑团体,1,1,广东,广东,,,Y
20210917,击剑,男子佩剑团体,1,2,江苏,江苏,,,Y
20210917,击剑,男子佩剑团体,1,3,辽宁,辽宁,,,Y
20210917,击剑,女子佩剑团体,2,1,联合队,联合队,,,Y
20210917,击剑,女子佩剑团体,2,2,上海,上海,,,Y
20210917,击剑,女子佩剑团体,2,3,江苏,江苏,,,Y
20210917,柔道,男子73公斤级,1,1,青达嘎,内蒙古,1996/11/13,JUDMS0023287,N
20210917,柔道,男子73公斤级,1,2,苟俊龙,江苏,2001/1/4,JUDMS0054780,N
20210917,柔道,男子73公斤级,1,3,巴彦德力黑,内蒙古,1996/1/18,JUDMS0022971,N
20210917,柔道,男子73公斤级,1,3,杨文超,河北,1990/9/18,JUDMS0008911,N
20210917,柔道,男子81公斤级,1,1,扎拉赛,内蒙古,1995/4/7,JUDMS0023481,N
20210917,柔道,男子81公斤级,1,2,高海园,北京,1992/10/31,JUDMS0001155,N
20210917,柔道,男子81公斤级,1,3,孙帅,山东,1989/8/15,JUDMS0083092,N
20210917,柔道,男子81公斤级,1,3,孟根苍,山西,1996/4/2,JUDMS0016213,N
20210917,柔道,男子90公斤级,1,1,布和毕力格,内蒙古,1996/9/20,JUDMS0023021,N
20210917,柔道,男子90公斤级,1,2,谢亚东,上海,1998/12/24,JUDMS0051723,N
20210917,柔道,男子90公斤级,1,3,巴图额尔敦,甘肃,1991/7/27,JUDMS0147343,N
20210917,柔道,男子90公斤级,1,3,马丛明,江苏,1998/4/12,JUDMS0054805,N
20210917,柔道,女子63公斤级,2,1,杨俊霞,山东,1989/5/2,JUDWS0083491,N
20210917,柔道,女子63公斤级,2,2,苏畅,辽宁,1994/10/9,JUDWS0029906,N
20210917,柔道,女子63公斤级,2,3,李圆,湖南,1995/9/2,JUDWS0109928,N
20210917,柔道,女子63公斤级,2,3,唐婧,天津,1995/6/8,JUDWS0003242,N
20210917,柔道,女子70公斤级,2,1,刘红岩,山东,1993/2/11,JUDWS0082760,N
20210917,柔道,女子70公斤级,2,2,孙安琪,广东,1996/12/2,JUDWS0117569,N
20210917,柔道,女子70公斤级,2,3,陈露,江苏,1998/9/30,JUDWS0054766,N
20210917,柔道,女子70公斤级,2,3,于丹,北京,1999/3/4,JUDWS0001225,N
20210917,空手道,男子67公斤级,1,1,王志伟,安徽,1993/1/29,KTEMS0067456,N
20210917,空手道,男子67公斤级,1,2,项佳豪,浙江,2001/6/10,KTEMS0065314,N
20210917,空手道,男子67公斤级,1,3,程泽宇,河南,2000/2/8,KTEMS0102753,N
20210917,空手道,男子67公斤级,1,3,吴思烙,陕西,2001/1/3,KTEMS0146716,N
20210917,空手道,女子55公斤级,2,1,李冉冉,河南,1996/9/10,KTEWS0102796,N
20210917,空手道,女子55公斤级,2,2,丁佳美,河南,1999/1/17,KTEWS0102756,N
20210917,空手道,女子55公斤级,2,3,沈嘉欣,北京,1996/1/5,KTEWS0002855,N
20210917,空手道,女子55公斤级,2,3,谢瑜,浙江,2003/5/29,KTEWS0065321,N
20210917,空手道,女子个人型,2,1,汤冰,上海,1995/1/20,KTEWS0053286,N
20210917,空手道,女子个人型,2,2,陶t玮,重庆,2001/6/21,KTEWS0154424,N
20210917,空手道,女子个人型,2,3,廖依琳,北京,2001/8/22,KTEWS0002849,N
20210917,空手道,女子个人型,2,3,叶珍羽,福建,2000/9/15,KTEWS0070893,N
20210917,射击,女子10米气步枪,2,1,王芝琳,浙江,2004/1/16,SHOWS0057541,N
20210917,射击,女子10米气步枪,2,2,章天琪,湖北,1999/11/1,SHOWS0103150,N
20210917,射击,女子10米气步枪,2,3,杨倩,浙江,2000/7/10,SHOWS0057756,N
20210917,铁人三项,男子个人,1,1,李明旭,河北,1998/2/26,TRIMS0005983,N
20210917,铁人三项,男子个人,1,2,白发全,前卫体协,1986/3/18,TRIMS0005977,N
20210917,铁人三项,男子个人,1,3,范俊杰,河南,2001/4/24,TRIMS0094225,N
20210917,铁人三项,女子个人,2,1,黄安琪,河北,2001/9/9,TRIWS0005980,N
20210917,铁人三项,女子个人,2,2,张一,四川,1987/1/30,TRIWS0131458,N
20210917,铁人三项,女子个人,2,3,贾惠雯,辽宁,2002/2/13,TRIWS0026987,N
20210917,举重,女子59公斤级,2,1,罗诗芳,湖南,2001/4/2,WLFWS0109351,N
20210917,举重,女子59公斤级,2,2,向秋香,陕西,1998/9/4,WLFWS0142324,N
20210917,举重,女子59公斤级,2,3,赵秀云,广东,1996/9/8,WLFWS0116318,N
20210917,举重,女子64公斤级,2,1,曾田甜,广东,1999/11/17,WLFWS0116292,N
20210917,举重,女子64公斤级,2,2,杨艳南,湖南,1995/11/21,WLFWS0109512,N
20210917,举重,女子64公斤级,2,3,袁王建,四川,1992/9/27,WLFWS0155191,N
20210918,拳击,男子63公斤级,1,1,山俊,云南,1994/8/7,BOXMS0139906,N
20210918,拳击,男子63公斤级,1,2,付明科,重庆,1997/2/28,BOXMS0129925,N
20210918,拳击,男子63公斤级,1,3,阿卜杜热伊木・麦麦提,陕西,1994/1/10,BOXMS0143309,N
20210918,拳击,男子63公斤级,1,3,赵忠尧,吉林,1997/6/10,BOXMS0041745,N
20210918,拳击,女子60公斤级,2,1,杨文璐,四川,1991/1/13,BOXWS0131963,N
20210918,拳击,女子60公斤级,2,2,禹立赛,湖北,2000/3/13,BOXWS0103650,N
20210918,拳击,女子60公斤级,2,3,王聪,江苏,1992/5/15,BOXWS0054912,N
20210918,拳击,女子60公斤级,2,3,杨成宇,贵州,1996/4/22,BOXWS0136252,N
20210918,马术,盛装舞步个人,O,1,顾兵,广东,1973/9/30,EQUMS0114157,N
20210918,马术,盛装舞步个人,O,2,兰超,新疆,1987/10/22,EQUMS0150024,N
20210918,马术,盛装舞步个人,O,3,张红钊,上海,1994/6/6,EQUMS0051402,N
20210918,足球,男子20岁以下组,1,1,浙江,浙江,,,Y
20210918,足球,男子20岁以下组,1,2,新疆,新疆,,,Y
20210918,足球,男子20岁以下组,1,3,四川,四川,,,Y
20210918,柔道,男子100公斤级,1,1,额日和木巴图,内蒙古,1991/1/23,JUDMS0023092,N
20210918,柔道,男子100公斤级,1,2,斯日吉嘎瓦,云南,1986/10/8,JUDMS0139807,N
20210918,柔道,男子100公斤级,1,3,申一杰,江苏,2002/4/13,JUDMS0054813,N
20210918,柔道,男子100公斤级,1,3,张波,江苏,1996/8/13,JUDMS0054860,N
20210918,柔道,男子+100公斤级,1,1,尹永杰,山东,1997/11/27,JUDMS0083536,N
20210918,柔道,男子+100公斤级,1,2,刘建,辽宁,1988/6/9,JUDMS0029765,N
20210918,柔道,男子+100公斤级,1,3,李瑞毫,天津,1998/2/22,JUDMS0003222,N
20210918,柔道,男子+100公斤级,1,3,李瑞轩,天津,1998/2/22,JUDMS0003223,N
20210918,柔道,女子78公斤级,2,1,马振昭,吉林,1998/4/24,JUDWS0041364,N
20210918,柔道,女子78公斤级,2,2,陈飞,天津,1990/10/30,JUDWS0003211,N
20210918,柔道,女子78公斤级,2,3,王木子,黑龙江,1999/6/19,JUDWS0048891,N
20210918,柔道,女子78公斤级,2,3,刘毅,广东,1996/4/24,JUDWS0117498,N
20210918,柔道,女子+78公斤级,2,1,宿欣,辽宁,1990/11/17,JUDWS0029912,N
20210918,柔道,女子+78公斤级,2,2,徐仕妍,江苏,1997/3/15,JUDWS0054848,N
20210918,柔道,女子+78公斤级,2,3,姜雅楠,山东,1991/6/4,JUDWS0082569,N
20210918,柔道,女子+78公斤级,2,3,于颂,山东,1986/8/6,JUDWS0083555,N
20210918,空手道,男子75公斤级,1,1,孙绍杰,四川,1995/10/14,KTEMS0155371,N
20210918,空手道,男子75公斤级,1,2,邢辉,安徽,2003/6/29,KTEMS0067458,N
20210918,空手道,男子75公斤级,1,3,陈奥林,浙江,2001/2/28,KTEMS0065157,N
20210918,空手道,男子75公斤级,1,3,高璇仪,山西,1997/7/8,KTEMS0019773,N
20210918,空手道,男子个人型,1,1,母世科,广东,1988/7/24,KTEMS0125042,N
20210918,空手道,男子个人型,1,2,郑乾驱,陕西,1996/12/5,KTEMS0146726,N
20210918,空手道,男子个人型,1,3,⒅名,香港,1988/11/29,KTEMS0159163,N
20210918,空手道,男子个人型,1,3,郭建a,澳门,1992/6/15,KTEMS0156516,N
20210918,空手道,女子61公斤级,2,1,尹笑言,河南,1993/8/28,KTEWS0102893,N
20210918,空手道,女子61公斤级,2,2,任怡霖,前卫体协,1998/11/23,KTEWS0102825,N
20210918,空手道,女子61公斤级,2,3,刘亚倩,浙江,2002/12/8,KTEWS0065242,N
20210918,空手道,女子61公斤级,2,3,林晓玲,广东,2000/6/15,KTEWS0125012,N
20210918,赛艇,男子四人单桨无舵手,1,1,广东,广东,,,Y
20210918,赛艇,男子四人单桨无舵手,1,2,湖北,湖北,,,Y
20210918,赛艇,男子四人单桨无舵手,1,3,山东,山东,,,Y
20210918,赛艇,男子四人双桨,1,1,联合队,联合队,,,Y
20210918,赛艇,男子四人双桨,1,2,上海,上海,,,Y
20210918,赛艇,男子四人双桨,1,3,广东,广东,,,Y
20210918,赛艇,女子四人单桨无舵手,2,1,联合队,联合队,,,Y
20210918,赛艇,女子四人单桨无舵手,2,2,山东,山东,,,Y
20210918,赛艇,女子四人单桨无舵手,2,3,陕西,陕西,,,Y
20210918,赛艇,女子四人双桨,2,1,联合队,联合队,,,Y
20210918,赛艇,女子四人双桨,2,2,山东,山东,,,Y
20210918,赛艇,女子四人双桨,2,3,广东,广东,,,Y
20210918,7人制橄榄球,男子7人制橄榄球,1,1,山东,山东,,,Y
20210918,7人制橄榄球,男子7人制橄榄球,1,2,北京,北京,,,Y
20210918,7人制橄榄球,男子7人制橄榄球,1,3,陕西,陕西,,,Y
20210918,7人制橄榄球,女子7人制橄榄球,2,1,联合队,联合队,,,Y
20210918,7人制橄榄球,女子7人制橄榄球,2,2,江苏,江苏,,,Y
20210918,7人制橄榄球,女子7人制橄榄球,2,3,山东,山东,,,Y
20210918,射击,男子50米步枪3种姿势,1,1,张常鸿,山东,2000/2/14,SHOMS0076385,N
20210918,射击,男子50米步枪3种姿势,1,2,刘宇坤,陕西,1997/4/12,SHOMS0140793,N
20210918,射击,男子50米步枪3种姿势,1,3,田珈铭,河北,2001/9/17,SHOMS0005157,N
20210918,射击,女子10米气步枪团体,2,1,浙江,浙江,,,Y
20210918,射击,女子10米气步枪团体,2,2,辽宁,辽宁,,,Y
20210918,射击,女子10米气步枪团体,2,3,湖北,湖北,,,Y
20210918,射击,女子25米运动手枪,2,1,刘锐,湖南,2000/1/18,SHOWS0108699,N
20210918,射击,女子25米运动手枪,2,2,姚千寻,安徽,2005/3/13,SHOWS0065814,N
20210918,射击,女子25米运动手枪,2,3,张靖婧,福建,1988/12/3,SHOWS0067812,N
20210918,排球,女子19岁以下组,2,1,江苏,江苏,,,Y
20210918,排球,女子19岁以下组,2,2,天津,天津,,,Y
20210918,排球,女子19岁以下组,2,3,福建,福建,,,Y
20210918,举重,女子76公斤级,2,1,向艳梅,湖南,1992/6/13,WLFWS0109478,N
20210918,举重,女子76公斤级,2,2,廖桂芳,福建,2001/10/5,WLFWS0068954,N
20210918,举重,女子76公斤级,2,3,彭翠婷,广东,2001/7/31,WLFWS0116138,N
20210918,举重,女子87公斤级,2,1,汪周雨,湖北,1994/5/13,WLFWS0103458,N
20210918,举重,女子87公斤级,2,2,敖辉,江西,1997/4/20,WLFWS0071438,N
20210918,举重,女子87公斤级,2,3,梁小梅,广西,1997/9/20,WLFWS0125873,N
20210919,小轮车,男子自由式公园赛,1,1,海洋,四川,2003/12/10,BMXMS0131397,N
20210919,小轮车,男子自由式公园赛,1,2,林硕堂,四川,2004/2/27,BMXMS0131410,N
20210919,小轮车,男子自由式公园赛,1,3,陈建波,四川,2001/8/2,BMXMS0131388,N
20210919,小轮车,女子自由式公园赛,2,1,夏皇耀,四川,2004/2/5,BMXWS0131429,N
20210919,小轮车,女子自由式公园赛,2,2,邓雅文,甘肃,2005/10/17,BMXWS0146926,N
20210919,小轮车,女子自由式公园赛,2,3,孙思蓓,河北,2005/2/18,BMXWS0005845,N
20210919,拳击,男子+91公斤级,1,1,艾合麦提・麦麦提,陕西,1995/11/4,BOXMS0143312,N
20210919,拳击,男子+91公斤级,1,2,王世鑫,山东,2000/9/12,BOXMS0084356,N
20210919,拳击,男子+91公斤级,1,3,牟海鹏,黑龙江,1995/9/13,BOXMS0049035,N
20210919,拳击,男子+91公斤级,1,3,马金阳,广东,2000/7/11,BOXMS0118086,N
20210919,拳击,女子75公斤级,2,1,李倩,内蒙古,1990/6/6,BOXWS0023717,N
20210919,拳击,女子75公斤级,2,2,汪丽娜,黑龙江,1997/3/30,BOXWS0049059,N
20210919,拳击,女子75公斤级,2,3,郑璐,河南,1998/6/30,BOXWS0097015,N
20210919,拳击,女子75公斤级,2,3,叶金,浙江,1998/6/14,BOXWS0063078,N
20210919,击剑,男子花剑个人,1,1,黄梦恺,福建,1997/9/6,FENMS0068107,N
20210919,击剑,男子花剑个人,1,2,李晨,江苏,1992/8/14,FENMS0054301,N
20210919,击剑,男子花剑个人,1,3,吴斌,上海,1998/5/26,FENMS0051319,N
20210919,击剑,女子花剑个人,2,1,石h,江苏,1999/4/17,FENWS0054339,N
20210919,击剑,女子花剑个人,2,2,陈情缘,福建,1997/2/15,FENWS0068078,N
20210919,击剑,女子花剑个人,2,3,傅依婷,福建,1996/1/27,FENWS0068096,N
20210919,柔道,混合团体,X,1,山东,山东,,,Y
20210919,柔道,混合团体,X,2,北京,北京,,,Y
20210919,柔道,混合团体,X,3,江苏,江苏,,,Y
20210919,柔道,混合团体,X,3,内蒙古,内蒙古,,,Y
20210919,空手道,男子+75公斤级,1,1,刘帅,天津,1996/2/6,KTEMS0004608,N
20210919,空手道,男子+75公斤级,1,2,陈晓东,山西,1999/3/23,KTEMS0019746,N
20210919,空手道,男子+75公斤级,1,3,葛聚兴,天津,1996/5/26,KTEMS0003317,N
20210919,空手道,男子+75公斤级,1,3,王熙睿,山西,2001/1/1,KTEMS0019960,N
20210919,空手道,女子+61公斤级,2,1,龚莉,北京,1999/8/16,KTEWS0002838,N
20210919,空手道,女子+61公斤级,2,2,焦温璐,山东,1993/11/26,KTEWS0092257,N
20210919,空手道,女子+61公斤级,2,3,张晓玲,山西,1995/12/7,KTEWS0020048,N
20210919,空手道,女子+61公斤级,2,3,汤玲玲,安徽,1987/3/8,KTEWS0067451,N
20210919,赛艇,男子八人单桨有舵手,1,1,山东,山东,,,Y
20210919,赛艇,男子八人单桨有舵手,1,2,广东,广东,,,Y
20210919,赛艇,男子八人单桨有舵手,1,3,湖北,湖北,,,Y
20210919,赛艇,男子双人单桨无舵手,1,1,湖北,湖北,,,Y
20210919,赛艇,男子双人单桨无舵手,1,2,山东,山东,,,Y
20210919,赛艇,男子双人单桨无舵手,1,3,安徽,安徽,,,Y
20210919,赛艇,男子单人双桨,1,1,张亮,湖南,1987/1/14,ROWMS0109115,N
20210919,赛艇,男子单人双桨,1,2,韩崴,河北,2000/10/14,ROWMS0006093,N
20210919,赛艇,男子单人双桨,1,3,伊绪帝,湖南,1993/8/20,ROWMS0109109,N
20210919,赛艇,男子双人双桨,1,1,联合队,联合队,,,Y
20210919,赛艇,男子双人双桨,1,2,贵州,贵州,,,Y
20210919,赛艇,男子双人双桨,1,3,广东,广东,,,Y
20210919,赛艇,男子轻量级双人双桨,1,1,辽宁,辽宁,,,Y
20210919,赛艇,男子轻量级双人双桨,1,2,广东,广东,,,Y
20210919,赛艇,男子轻量级双人双桨,1,3,安徽,安徽,,,Y
20210919,赛艇,女子八人单桨有舵手,2,1,联合队,联合队,,,Y
20210919,赛艇,女子八人单桨有舵手,2,2,河南,河南,,,Y
20210919,赛艇,女子八人单桨有舵手,2,3,广东,广东,,,Y
20210919,赛艇,女子双人单桨无舵手,2,1,山东,山东,,,Y
20210919,赛艇,女子双人单桨无舵手,2,2,山东,山东,,,Y
20210919,赛艇,女子双人单桨无舵手,2,3,湖北,湖北,,,Y
20210919,赛艇,女子单人双桨,2,1,刘睿琦,陕西,2000/6/3,ROWWS0141525,N
20210919,赛艇,女子单人双桨,2,2,张灵,上海,1997/2/27,ROWWS0051471,N
20210919,赛艇,女子单人双桨,2,3,吕扬,河南,1993/11/26,ROWWS0094413,N
20210919,赛艇,女子双人双桨,2,1,上海,上海,,,Y
20210919,赛艇,女子双人双桨,2,2,山东,山东,,,Y
20210919,赛艇,女子双人双桨,2,3,四川,四川,,,Y
20210919,赛艇,女子轻量级双人双桨,2,1,广东,广东,,,Y
20210919,赛艇,女子轻量级双人双桨,2,2,陕西,陕西,,,Y
20210919,赛艇,女子轻量级双人双桨,2,3,河南,河南,,,Y
20210919,游泳,男子400米自由泳,1,1,季新杰,山东,1997/10/27,SWMMS0086017,N
20210919,游泳,男子400米自由泳,1,2,张子扬,湖北,2001/1/1,SWMMS0103768,N
20210919,游泳,男子400米自由泳,1,3,费立纬,浙江,2003/3/12,SWMMS0063434,N
20210919,游泳,男子400米个人混合泳,1,1,汪顺,浙江,1994/2/11,SWMMS0063479,N
20210919,游泳,男子400米个人混合泳,1,2,刘宗毓,山东,2002/9/21,SWMMS0086161,N
20210919,游泳,男子400米个人混合泳,1,3,陶冠男,广东,2004/4/23,SWMMS0119374,N
20210919,游泳,女子400米个人混合泳,2,1,余依婷,浙江,2005/9/5,SWMWS0063500,N
20210919,游泳,女子400米个人混合泳,2,2,葛楚彤,山东,2003/9/23,SWMWS0085968,N
20210919,游泳,女子400米个人混合泳,2,3,朱蕾桔,云南,2003/1/13,SWMWS0139985,N
20210919,游泳,女子4×100米自由泳接力,2,1,联合队,联合队,,,Y
20210919,游泳,女子4×100米自由泳接力,2,2,广东,广东,,,Y
20210919,游泳,女子4×100米自由泳接力,2,3,河北,河北,,,Y
20210919,游泳,女子4×200米混合泳接力,2,1,浙江,浙江,,,Y
20210919,游泳,女子4×200米混合泳接力,2,2,山东,山东,,,Y
20210919,游泳,女子4×200米混合泳接力,2,3,广东,广东,,,Y
20210919,铁人三项,混合团体接力,X,1,山东,山东,,,Y
20210919,铁人三项,混合团体接力,X,2,福建,福建,,,Y
20210919,铁人三项,混合团体接力,X,3,辽宁,辽宁,,,Y
20210919,举重,女子87公斤以上级,2,1,李雯雯,福建,2000/3/5,WLFWS0068951,N
20210919,举重,女子87公斤以上级,2,2,孟苏平,安徽,1989/7/17,WLFWS0066455,N
20210919,举重,女子87公斤以上级,2,3,范宇欣,吉林,1998/5/5,WLFWS0040582,N
20210920,田径,男子20公里竞走,1,1,张俊,云南,1998/7/20,ATHMS0158148,N
20210920,田径,男子20公里竞走,1,2,王凯华,广东,1994/2/16,ATHMS0158147,N
20210920,田径,男子20公里竞走,1,3,孙帅,四川,1999/9/15,ATHMS0158154,N
20210920,田径,女子10000米,2,1,张德顺,云南,1996/2/21,ATHWS0157943,N
20210920,田径,女子10000米,2,2,夏雨雨,山西,1998/3/1,ATHWS0157936,N
20210920,田径,女子10000米,2,3,何巫呷,四川,1998/7/28,ATHWS0157926,N
20210920,田径,女子100米,2,1,葛曼棋,福建,1997/10/13,ATHWS0157847,N
20210920,田径,女子100米,2,2,袁琦琦,江苏,1995/10/26,ATHWS0157853,N
20210920,田径,女子100米,2,3,梁小静,广东,1997/4/7,ATHWS0157848,N
20210920,田径,女子20公里竞走团体,2,1,陕西,陕西,,,Y
20210920,田径,女子20公里竞走团体,2,2,青海,青海,,,Y
20210920,田径,女子20公里竞走团体,2,3,云南,云南,,,Y
20210920,田径,女子链球,2,1,王峥,陕西,1987/12/14,ATHWS0158078,N
20210920,田径,女子链球,2,2,李江燕,江西,1999/5/22,ATHWS0158080,N
20210920,田径,女子链球,2,3,罗娜,黑龙江,1993/10/8,ATHWS0158079,N
20210920,田径,女子铅球,2,1,巩立姣,河北,1989/1/24,ATHWS0158059,N
20210920,田径,女子铅球,2,2,宋佳媛,上海,1997/9/15,ATHWS0158060,N
20210920,田径,女子铅球,2,3,张林茹,河北,1999/9/23,ATHWS0158062,N
20210920,三人制篮球,男子19岁以下组,1,1,湖北,湖北,,,Y
20210920,三人制篮球,男子19岁以下组,1,2,福建,福建,,,Y
20210920,三人制篮球,男子19岁以下组,1,3,上海,上海,,,Y
20210920,三人制篮球,女子19岁以下组,2,1,山东,山东,,,Y
20210920,三人制篮球,女子19岁以下组,2,2,陕西,陕西,,,Y
20210920,三人制篮球,女子19岁以下组,2,3,广东,广东,,,Y
20210920,小轮车,男子竞速赛,1,1,林浩超,山东,1999/3/3,BMXMS0076968,N
20210920,小轮车,男子竞速赛,1,2,苗润鹏,山东,1999/2/1,BMXMS0077010,N
20210920,小轮车,男子竞速赛,1,3,黄超雷,浙江,1992/12/25,BMXMS0059047,N
20210920,小轮车,女子竞速赛,2,1,逯艳,甘肃,1992/6/8,BMXWS0146965,N
20210920,小轮车,女子竞速赛,2,2,张娅儒,甘肃,1996/4/15,BMXWS0147029,N
20210920,小轮车,女子竞速赛,2,3,王梦瑶,山东,1999/9/30,BMXWS0077074,N
20210920,拳击,男子81公斤级,1,1,陈大祥,江苏,1996/1/27,BOXMS0054874,N
20210920,拳击,男子81公斤级,1,2,郑豪杰,河南,2000/6/8,BOXMS0097013,N
20210920,拳击,男子81公斤级,1,3,哈力木拉提・热合曼都,新疆,2001/4/1,BOXMS0151536,N
20210920,拳击,男子81公斤级,1,3,李碧涛,云南,1994/4/22,BOXMS0139867,N
20210920,拳击,男子91公斤级,1,1,于丰铠,山东,1995/3/13,BOXMS0084481,N
20210920,拳击,男子91公斤级,1,2,陈奕融,浙江,2000/12/16,BOXMS0062805,N
20210920,拳击,男子91公斤级,1,3,韩雪振,河南,1999/4/28,BOXMS0096339,N
20210920,拳击,男子91公斤级,1,3,刘太淼,辽宁,2000/7/11,BOXMS0155401,N
20210920,拳击,女子57公斤级,2,1,阮木兰,河南,1998/1/2,BOXWS0096633,N
20210920,拳击,女子57公斤级,2,2,葛雅琪,浙江,1996/2/5,BOXWS0062837,N
20210920,拳击,女子57公斤级,2,3,许紫春,江苏,1996/6/9,BOXWS0054924,N
20210920,拳击,女子57公斤级,2,3,蔡妍,吉林,2000/12/4,BOXWS0041605,N
20210920,攀岩,16岁以下组  男子两项全能,1,1,杨立豪,上海,2007/1/18,CLBMS0053325,N
20210920,攀岩,16岁以下组  男子两项全能,1,2,马元梁,重庆,2007/9/24,CLBMS0130958,N
20210920,攀岩,16岁以下组  男子两项全能,1,3,姚晋伟,广东,2007/9/18,CLBMS0125250,N
20210920,攀岩,16岁以下组  女子两项全能,2,1,骆知鹭,陕西,2006/1/11,CLBWS0146734,N
20210920,攀岩,16岁以下组  女子两项全能,2,2,朱馨文,上海,2007/1/12,CLBWS0053334,N
20210920,攀岩,16岁以下组  女子两项全能,2,3,李思莹,江苏,2006/6/13,CLBWS0056655,N
20210920,击剑,男子花剑团体,1,1,福建,福建,,,Y
20210920,击剑,男子花剑团体,1,2,广东,广东,,,Y
20210920,击剑,男子花剑团体,1,3,香港,香港,,,Y
20210920,击剑,女子花剑团体,2,1,福建,福建,,,Y
20210920,击剑,女子花剑团体,2,2,江苏,江苏,,,Y
20210920,击剑,女子花剑团体,2,3,陕西,陕西,,,Y
20210920,游泳,男子100米蛙泳,1,1,闫子贝,湖北,1995/10/12,SWMMS0103751,N
20210920,游泳,男子100米蛙泳,1,2,孙佳俊,湖北,2000/8/1,SWMMS0103734,N
20210920,游泳,男子100米蛙泳,1,3,覃海洋,上海,1999/5/17,SWMMS0051838,N
20210920,游泳,男子4×100米自由泳接力,1,1,浙江,浙江,,,Y
20210920,游泳,男子4×100米自由泳接力,1,2,广东,广东,,,Y
20210920,游泳,男子4×100米自由泳接力,1,3,河南,河南,,,Y
20210920,游泳,男子4×200米混合泳接力,1,1,浙江,浙江,,,Y
20210920,游泳,男子4×200米混合泳接力,1,2,湖北,湖北,,,Y
20210920,游泳,男子4×200米混合泳接力,1,3,上海,上海,,,Y
20210920,游泳,女子100米蝶泳,2,1,张雨霏,江苏,1998/4/19,SWMWS0055082,N
20210920,游泳,女子100米蝶泳,2,2,吴雨霖,福建,1999/8/12,SWMWS0070003,N
20210920,游泳,女子100米蝶泳,2,3,王一淳,山东,2005/4/4,SWMWS0086354,N
20210920,游泳,女子400米自由泳,2,1,汤慕涵,广东,2003/9/4,SWMWS0119368,N
20210920,游泳,女子400米自由泳,2,2,李冰洁,河北,2002/3/3,SWMWS0010611,N
20210920,游泳,女子400米自由泳,2,3,王简嘉禾,辽宁,2002/7/17,SWMWS0032894,N
20210921,田径,男子10000米,1,1,多布杰,西藏,1994/2/16,ATHMS0157615,N
20210921,田径,男子10000米,1,2,董国建,云南,1987/3/16,ATHMS0157633,N
20210921,田径,男子10000米,1,3,任广岳,辽宁,1999/7/22,ATHMS0157617,N
20210921,田径,男子100米,1,1,苏炳添,广东,1989/8/29,ATHMS0157531,N
20210921,田径,男子100米,1,2,谢震业,浙江,1993/8/17,ATHMS0157532,N
20210921,田径,男子100米,1,3,吴智强,湖北,1994/4/10,ATHMS0157533,N
20210921,田径,男子400米,1,1,杨磊,四川,1995/3/9,ATHMS0157568,N
20210921,田径,男子400米,1,2,张靖宗,河北,1997/1/15,ATHMS0157570,N
20210921,田径,男子400米,1,3,吴宇昂,江西,1998/3/18,ATHMS0157575,N
20210921,田径,男子十项全能,1,1,孙启豪,江苏,2000/2/18,ATHMS0157835,N
20210921,田径,男子十项全能,1,2,胡雨飞,江苏,1993/11/9,ATHMS0157832,N
20210921,田径,男子十项全能,1,3,华梓惠,浙江,2000/8/10,ATHMS0157831,N
20210921,田径,男子撑竿跳高,1,1,姚捷,陕西,1990/9/21,ATHMS0157712,N
20210921,田径,男子撑竿跳高,1,2,丁邦超,山东,1996/10/11,ATHMS0157713,N
20210921,田径,男子撑竿跳高,1,3,黄博凯,广东,1996/9/26,ATHMS0157711,N
20210921,田径,男子撑竿跳高,1,3,张伟,山东,1994/3/22,ATHMS0157718,N
20210921,田径,女子400米,2,1,杨会珍,四川,1992/8/13,ATHWS0157884,N
20210921,田径,女子400米,2,2,王春雨,安徽,1995/1/17,ATHWS0157898,N
20210921,田径,女子400米,2,3,童曾欢,湖南,1995/11/29,ATHWS0157872,N
20210921,田径,女子铁饼,2,1,冯彬,山东,1994/4/3,ATHWS0158096,N
20210921,田径,女子铁饼,2,2,陈扬,河北,1991/7/10,ATHWS0158097,N
20210921,田径,女子铁饼,2,3,谢瑜宸,新疆,1996/5/12,ATHWS0158099,N
20210921,田径,女子跳高,2,1,陆佳雯,上海,2002/8/19,ATHWS0157993,N
20210921,田径,女子跳高,2,2,刘肼毅,河北,1994/10/27,ATHWS0157994,N
20210921,田径,女子跳高,2,3,张春璐,山东,1998/4/5,ATHWS0157997,N
20210921,田径,女子三级跳远,2,1,谭秋娇,广东,2000/5/28,ATHWS0158044,N
20210921,田径,女子三级跳远,2,2,曾蕊,广东,1998/2/6,ATHWS0158048,N
20210921,田径,女子三级跳远,2,3,陈洁,广东,1998/3/2,ATHWS0158046,N
20210921,拳击,男子52公斤级,1,1,胡建关,上海,1993/5/11,BOXMS0051741,N
20210921,拳击,男子52公斤级,1,2,方波,安徽,1992/6/19,BOXMS0066706,N
20210921,拳击,男子52公斤级,1,3,张果,贵州,1994/5/15,BOXMS0136328,N
20210921,拳击,男子52公斤级,1,3,邵梓彬,广东,1997/12/31,BOXMS0118118,N
20210921,拳击,男子75公斤级,1,1,托合塔尔别克・唐拉提汗,新疆,1996/11/18,BOXMS0151566,N
20210921,拳击,男子75公斤级,1,2,乌勒怕尔・哈尔恒,北京,1996/2/17,BOXMS0001281,N
20210921,拳击,男子75公斤级,1,3,赵蒙洋,河南,2000/5/19,BOXMS0096988,N
20210921,拳击,男子75公斤级,1,3,陶明溪,山东,1998/9/16,BOXMS0084292,N
20210921,拳击,女子51公斤级,2,1,常园,河北,1997/6/24,BOXWS0009094,N
20210921,拳击,女子51公斤级,2,2,吴愉,福建,1995/1/13,BOXWS0069568,N
20210921,拳击,女子51公斤级,2,3,胡美益,上海,2002/2/5,BOXWS0051743,N
20210921,拳击,女子51公斤级,2,3,徐诗琪,贵州,1991/8/31,BOXWS0136238,N
20210921,拳击,女子69公斤级,2,1,谷红,陕西,1988/11/6,BOXWS0143394,N
20210921,拳击,女子69公斤级,2,2,杨柳,内蒙古,1992/5/20,BOXWS0023950,N
20210921,拳击,女子69公斤级,2,3,窦丹,青海,1993/1/20,BOXWS0148522,N
20210921,拳击,女子69公斤级,2,3,袁海妮,陕西,2002/2/10,BOXWS0143719,N
20210921,攀岩,成年组  男子两项全能,1,1,潘愚非,湖北,2000/6/23,CLBMS0108476,N
20210921,攀岩,成年组  男子两项全能,1,2,瞿海滨,湖南,1992/7/1,CLBMS0111683,N
20210921,攀岩,成年组  男子两项全能,1,3,黄迪,湖北,2001/1/14,CLBMS0108471,N
20210921,攀岩,成年组  男子速度,1,1,龙金宝,湖南,2000/11/8,CLBMS0111689,N
20210921,攀岩,成年组  男子速度,1,2,羊学伴,陕西,1997/10/14,CLBMS0146740,N
20210921,攀岩,成年组  男子速度,1,3,林鹏辉,江西,1994/9/1,CLBMS0075820,N
20210921,攀岩,成年组  女子两项全能,2,1,张悦彤,广东,2003/2/22,CLBWS0125255,N
20210921,攀岩,成年组  女子两项全能,2,2,向红春,陕西,1998/8/12,CLBWS0146739,N
20210921,攀岩,成年组  女子两项全能,2,3,白玛玉珍,西藏,1994/11/17,CLBWS0140621,N
20210921,攀岩,成年组  女子速度,2,1,牛笛,湖北,1996/9/22,CLBWS0108475,N
20210921,攀岩,成年组  女子速度,2,2,邓丽娟,湖南,2000/5/12,CLBWS0111677,N
20210921,攀岩,成年组  女子速度,2,3,谢贵珍,江西,1998/3/9,CLBWS0075830,N
20210921,马术,三项赛个人,O,1,包英凤,江苏,1987/9/27,EQUMS0054443,N
20210921,马术,三项赛个人,O,2,梁锐基,广东,1984/5/22,EQUMS0114173,N
20210921,马术,三项赛个人,O,3,格桑平措,西藏,1980/2/15,EQUMS0140417,N
20210921,马术,三项赛团体,O,1,西藏,西藏,,,Y
20210921,马术,三项赛团体,O,2,上海,上海,,,Y
20210921,马术,三项赛团体,O,3,广东,广东,,,Y
20210921,击剑,男子重剑个人,1,1,兰明豪,安徽,1996/8/28,FENMS0066111,N
20210921,击剑,男子重剑个人,1,2,俞乐凡,安徽,1998/8/22,FENMS0066168,N
20210921,击剑,男子重剑个人,1,3,石高峰,江苏,1992/1/16,FENMS0054336,N
20210921,击剑,女子重剑个人,2,1,项译宣,辽宁,1996/2/19,FENWS0026921,N
20210921,击剑,女子重剑个人,2,2,林声,福建,1994/1/5,FENWS0068139,N
20210921,击剑,女子重剑个人,2,3,江F},香港,1994/2/8,FENWS0159066,N
20210921,体操,男子团体,1,1,江苏体操队,江苏,,,Y
20210921,体操,男子团体,1,2,湖南体操队,湖南,,,Y
20210921,体操,男子团体,1,3,广东体操队,广东,,,Y
20210921,山地自行车,男子越野赛,1,1,米久江,贵州轮迹自行车运动俱乐部,1992/5/8,MTBMS0159191,N
20210921,山地自行车,男子越野赛,1,2,吕先景,云南,1998/2/2,MTBMS0139136,N
20210921,山地自行车,男子越野赛,1,3,陈科宇,贵州轮迹自行车运动俱乐部,2001/3/20,MTBMS0159192,N
20210921,山地自行车,女子越野赛,2,1,伍志帆,云南,2001/3/5,MTBWS0139158,N
20210921,山地自行车,女子越野赛,2,2,马彩霞,安徽,1995/12/1,MTBWS0066075,N
20210921,山地自行车,女子越野赛,2,3,王辉艳,云南,2001/6/29,MTBWS0139150,N
20210921,游泳,男子100米仰泳,1,1,徐嘉余,浙江,1995/8/19,SWMMS0063492,N
20210921,游泳,男子100米仰泳,1,2,李广源,浙江,1997/2/27,SWMMS0063445,N
20210921,游泳,男子100米仰泳,1,3,宋宇宽,江西,2001/10/27,SWMMS0073396,N
20210921,游泳,男子200米自由泳,1,1,汪顺,浙江,1994/2/11,SWMMS0063479,N
20210921,游泳,男子200米自由泳,1,2,季新杰,山东,1997/10/27,SWMMS0086017,N
20210921,游泳,男子200米自由泳,1,3,洪金权,浙江,2003/3/23,SWMMS0063440,N
20210921,游泳,女子100米仰泳,2,1,彭旭玮,湖北,2003/1/15,SWMWS0103729,N
20210921,游泳,女子100米仰泳,2,2,万乐天,江西,2004/8/12,SWMWS0073400,N
20210921,游泳,女子100米仰泳,2,3,傅园慧,浙江,1996/1/7,SWMWS0063435,N
20210921,游泳,女子100米蛙泳,2,1,于静瑶,北京,1999/2/13,SWMWS0001415,N
20210921,游泳,女子100米蛙泳,2,2,唐钱婷,上海,2004/3/14,SWMWS0051839,N
20210921,游泳,女子100米蛙泳,2,3,杨畅,山西,2001/9/16,SWMWS0017823,N
20210921,乒乓球,男子团体,1,1,广东,广东,,,Y
20210921,乒乓球,男子团体,1,2,北京,北京,,,Y
20210921,乒乓球,男子团体,1,3,河北,河北,,,Y
20210921,乒乓球,女子团体,2,1,辽宁,辽宁,,,Y
20210921,乒乓球,女子团体,2,2,山东,山东,,,Y
20210921,乒乓球,女子团体,2,3,河北,河北,,,Y
20210921,举重,男子61公斤级,1,1,李发彬,福建,1993/1/15,WLFMS0068947,N
20210921,举重,男子61公斤级,1,2,王浩,福建,1998/8/16,WLFMS0068996,N
20210921,举重,男子61公斤级,1,3,丁红杰,重庆,2002/1/30,WLFMS0129627,N
20210921,举重,男子67公斤级,1,1,谌利军,湖南,1993/2/8,WLFMS0109195,N
20210921,举重,男子67公斤级,1,2,王忠,山西,2001/1/11,WLFMS0014853,N
20210921,举重,男子67公斤级,1,3,伍超,天津,1992/1/19,WLFMS0003193,N
20210922,射箭,女子反曲弓个人,2,1,吴佳欣,上海,1997/2/28,ARCWS0051057,N
20210922,射箭,女子反曲弓个人,2,2,李佳蔓,北京,1997/8/18,ARCWS0000626,N
20210922,射箭,女子反曲弓个人,2,3,于梦婷,新疆,1999/8/29,ARCWS0149936,N
20210922,田径,男子110米栏,1,1,谢文骏,上海,1990/7/11,ATHMS0157646,N
20210922,田径,男子110米栏,1,2,宁潇函,北京,2000/1/24,ATHMS0157649,N
20210922,田径,男子110米栏,1,3,孙振江,山西,1999/1/25,ATHMS0157647,N
20210922,田径,男子200米,1,1,汤星强,福建,1995/8/11,ATHMS0157535,N
20210922,田径,男子200米,1,2,谢震业,浙江,1993/8/17,ATHMS0157532,N
20210922,田径,男子200米,1,3,盛超,江苏,1996/5/20,ATHMS0157556,N
20210922,田径,男子800米,1,1,李俊霖,山西,1998/8/6,ATHMS0157600,N
20210922,田径,男子800米,1,2,奚枭横,浙江,1999/12/8,ATHMS0157588,N
20210922,田径,男子800米,1,3,刘德助,广西,2000/9/16,ATHMS0157586,N
20210922,田径,男子标枪,1,1,徐家杰,上海,1997/10/8,ATHMS0157815,N
20210922,田径,男子标枪,1,2,赵庆刚,辽宁,1985/7/24,ATHMS0157818,N
20210922,田径,男子标枪,1,3,胡浩然,河南,1998/9/28,ATHMS0157816,N
20210922,田径,男子跳远,1,1,王嘉男,江苏,1996/8/27,ATHMS0157730,N
20210922,田径,男子跳远,1,2,黄常洲,四川,1994/8/20,ATHMS0157728,N
20210922,田径,男子跳远,1,3,张溟鲲,湖南,2000/10/20,ATHMS0157746,N
20210922,田径,女子100米栏,2,1,林雨薇,福建,1999/5/2,ATHWS0157953,N
20210922,田径,女子100米栏,2,2,吴艳妮,四川,1997/7/28,ATHWS0157947,N
20210922,田径,女子100米栏,2,3,王逗,江苏,1993/5/18,ATHWS0157948,N
20210922,田径,女子5000米,2,1,张新艳,甘肃,1994/2/9,ATHWS0157977,N
20210922,田径,女子5000米,2,2,张德顺,云南,1996/2/21,ATHWS0157943,N
20210922,田径,女子5000米,2,3,许双双,上海,1996/4/6,ATHWS0157919,N
20210922,田径,女子800米,2,1,王春雨,安徽,1995/1/17,ATHWS0157898,N
20210922,田径,女子800米,2,2,饶欣雨,浙江,2002/2/21,ATHWS0157901,N
20210922,田径,女子800米,2,3,胡志英,四川,1997/7/7,ATHWS0157909,N
20210922,田径,女子撑竿跳高,2,1,李玲,浙江,1989/7/6,ATHWS0158009,N
20210922,田径,女子撑竿跳高,2,2,徐惠琴,浙江,1993/9/4,ATHWS0158008,N
20210922,田径,女子撑竿跳高,2,3,陈巧铃,浙江,1999/11/22,ATHWS0158010,N
20210922,五人制篮球,女子19岁以下组,2,1,江苏,江苏,,,Y
20210922,五人制篮球,女子19岁以下组,2,2,湖南,湖南,,,Y
20210922,五人制篮球,女子19岁以下组,2,3,四川,四川,,,Y
20210922,击剑,男子重剑团体,1,1,联合队,联合队,,,Y
20210922,击剑,男子重剑团体,1,2,安徽,安徽,,,Y
20210922,击剑,男子重剑团体,1,3,辽宁,辽宁,,,Y
20210922,击剑,女子重剑团体,2,1,联合队,联合队,,,Y
20210922,击剑,女子重剑团体,2,2,辽宁,辽宁,,,Y
20210922,击剑,女子重剑团体,2,3,广东,广东,,,Y
20210922,体操,女子团体,2,1,广东体操队,广东,,,Y
20210922,体操,女子团体,2,2,安徽体操队,安徽,,,Y
20210922,体操,女子团体,2,3,北京体操队,北京,,,Y
20210922,游泳,男子200米蝶泳,1,1,陈俊儿,广东,2004/2/17,SWMMS0119048,N
20210922,游泳,男子200米蝶泳,1,2,俞迎飚,广东,1998/3/31,SWMMS0119494,N
20210922,游泳,男子200米蝶泳,1,3,牛广盛,内蒙古,2004/6/9,SWMMS0024713,N
20210922,游泳,男子4×200米自由泳接力,1,1,联合队,联合队,,,Y
20210922,游泳,男子4×200米自由泳接力,1,2,浙江,浙江,,,Y
20210922,游泳,男子4×200米自由泳接力,1,3,山东,山东,,,Y
20210922,游泳,女子1500米自由泳,2,1,李冰洁,河北,2002/3/3,SWMWS0010611,N
20210922,游泳,女子1500米自由泳,2,2,王简嘉禾,辽宁,2002/7/17,SWMWS0032894,N
20210922,游泳,女子1500米自由泳,2,3,侯雅雯,辽宁,1998/9/9,SWMWS0032833,N
20210922,游泳,女子200米自由泳,2,1,汤慕涵,广东,2003/9/4,SWMWS0119368,N
20210922,游泳,女子200米自由泳,2,2,杨浚u,山东,2002/1/26,SWMWS0086444,N
20210922,游泳,女子200米自由泳,2,3,劳丽慧,广东,2001/4/4,SWMWS0119174,N
20210922,游泳,女子200米个人混合泳,2,1,余依婷,浙江,2005/9/5,SWMWS0063500,N
20210922,游泳,女子200米个人混合泳,2,2,叶诗文,浙江,1996/3/1,SWMWS0063498,N
20210922,游泳,女子200米个人混合泳,2,3,陈欣怡,上海,1998/1/2,SWMWS0051803,N
20210922,沙滩排球,女子17岁以下组,2,1,江苏青年二队,江苏,,,Y
20210922,沙滩排球,女子17岁以下组,2,2,江苏青年一队,江苏,,,Y
20210922,沙滩排球,女子17岁以下组,2,3,浙江青年一队,浙江,,,Y
20210922,举重,男子73公斤级,1,1,石智勇,浙江,1993/10/10,WLFMS0062019,N
20210922,举重,男子73公斤级,1,2,韦胤廷,广西,1998/1/7,WLFMS0125963,N
20210922,举重,男子73公斤级,1,3,袁程飞,福建,1995/7/14,WLFMS0069055,N
20210922,举重,男子81公斤级,1,1,李大银,重庆,1998/2/12,WLFMS0129633,N
20210922,举重,男子81公斤级,1,2,路德林,陕西,1998/8/9,WLFMS0142233,N
20210922,举重,男子81公斤级,1,3,刘焕华,天津,2001/8/20,WLFMS0003183,N
20210922,水球,女子水球,2,1,联合队,联合队,,,Y
20210922,水球,女子水球,2,2,湖南,湖南,,,Y
20210922,水球,女子水球,2,3,上海,上海,,,Y
20210923,射箭,男子反曲弓个人,1,1,魏绍轩,吉林,2000/11/22,ARCMS0040320,N
20210923,射箭,男子反曲弓个人,1,2,王大鹏,山东,1996/12/3,ARCMS0076717,N
20210923,射箭,男子反曲弓个人,1,3,王岩,江苏,2000/2/12,ARCMS0054138,N
20210923,田径,男子400米栏,1,1,谢智宇,河南,2000/3/24,ATHMS0157578,N
20210923,田径,男子400米栏,1,2,蔡俊奇,福建,1996/3/11,ATHMS0157671,N
20210923,田径,男子400米栏,1,3,叶安安,浙江,2004/2/17,ATHMS0157672,N
20210923,田径,男子4x200米接力,1,1,山东,山东,,,Y
20210923,田径,男子4x200米接力,1,2,广东,广东,,,Y
20210923,田径,男子4x200米接力,1,3,四川,四川,,,Y
20210923,田径,男子5000米,1,1,多布杰,西藏,1994/2/16,ATHMS0157615,N
20210923,田径,男子5000米,1,2,宗庆华,云南,1996/10/20,ATHMS0157608,N
20210923,田径,男子5000米,1,3,任广岳,辽宁,1999/7/22,ATHMS0157617,N
20210923,田径,男子链球,1,1,王琦,江苏,2001/2/10,ATHMS0157784,N
20210923,田径,男子链球,1,2,张琪,山东,1996/3/10,ATHMS0157785,N
20210923,田径,男子链球,1,3,王士筑,辽宁,1989/2/20,ATHMS0157783,N
20210923,田径,男子铅球,1,1,刘洋,辽宁,1986/10/29,ATHMS0157767,N
20210923,田径,男子铅球,1,2,田子重,河北,1992/12/15,ATHMS0157769,N
20210923,田径,男子铅球,1,3,李竣,江苏,1993/1/2,ATHMS0157771,N
20210923,田径,女子200米,2,1,葛曼棋,福建,1997/10/13,ATHWS0157847,N
20210923,田径,女子200米,2,2,蔡燕婷,江苏,2000/11/11,ATHWS0157870,N
20210923,田径,女子200米,2,3,梁小静,广东,1997/4/7,ATHWS0157848,N
20210923,田径,女子400米栏,2,1,莫家蝶,广东,2000/1/6,ATHWS0157886,N
20210923,田径,女子400米栏,2,2,陆长薇,江苏,2001/11/8,ATHWS0157894,N
20210923,田径,女子400米栏,2,3,王红艳,辽宁,1998/11/14,ATHWS0157975,N
20210923,田径,女子标枪,2,1,刘诗颖,山东,1993/9/24,ATHWS0158113,N
20210923,田径,女子标枪,2,2,吕会会,湖北,1989/6/26,ATHWS0158112,N
20210923,田径,女子标枪,2,3,葛丽娟,河北,1997/7/17,ATHWS0158119,N
20210923,田径,男女混合4x400米接力,X,1,四川,四川,,,Y
20210923,田径,男女混合4x400米接力,X,2,山东,山东,,,Y
20210923,田径,男女混合4x400米接力,X,3,广东,广东,,,Y
20210923,五人制篮球,男子19岁以下组,1,1,广东,广东,,,Y
20210923,五人制篮球,男子19岁以下组,1,2,浙江,浙江,,,Y
20210923,五人制篮球,男子19岁以下组,1,3,江苏,江苏,,,Y
20210923,皮划艇静水,男子1000米双人划艇,1,1,联合队,联合队,,,Y
20210923,皮划艇静水,男子1000米双人划艇,1,2,浙江,浙江,,,Y
20210923,皮划艇静水,男子1000米双人划艇,1,3,广东,广东,,,Y
20210923,皮划艇静水,男子1000米单人皮艇,1,1,张冬,山东,1996/11/18,CSPMS0078451,N
20210923,皮划艇静水,男子1000米单人皮艇,1,2,卜廷凯,山东,1995/12/19,CSPMS0078302,N
20210923,皮划艇静水,男子1000米单人皮艇,1,3,周志强,山东,1993/3/26,CSPMS0078475,N
20210923,皮划艇静水,女子200米单人划艇,2,1,帅常文,贵州,2000/1/7,CSPWS0135020,N
20210923,皮划艇静水,女子200米单人划艇,2,2,林文君,福建,1997/6/3,CSPWS0068601,N
20210923,皮划艇静水,女子200米单人划艇,2,3,张璐琦,河北,1994/10/17,CSPWS0006986,N
20210923,皮划艇静水,女子500米双人皮艇,2,1,湖北,湖北,,,Y
20210923,皮划艇静水,女子500米双人皮艇,2,2,联合队,联合队,,,Y
20210923,皮划艇静水,女子500米双人皮艇,2,3,广东,广东,,,Y
20210923,马术,场地障碍团体,O,1,上海,上海,,,Y
20210923,马术,场地障碍团体,O,2,内蒙古,内蒙古,,,Y
20210923,马术,场地障碍团体,O,3,浙江,浙江,,,Y
20210923,体操,男子个人全能,1,1,肖若腾,北京,1996/1/30,GARMS0001566,N
20210923,体操,男子个人全能,1,2,张博恒,湖南,2000/3/4,GARMS0110908,N
20210923,体操,男子个人全能,1,3,孙炜,江苏,1995/8/12,GARMS0055236,N
20210923,帆船,女子激光雷迪尔级长距离赛,2,1,袁茹蓓,上海,1991/8/6,SALWS0051594,N
20210923,帆船,女子激光雷迪尔级长距离赛,2,2,张东霜,上海,1989/12/13,SALWS0051595,N
20210923,帆船,女子激光雷迪尔级长距离赛,2,3,顾敏,陕西,1994/9/25,SALWS0142065,N
20210923,游泳,男子100米自由泳,1,1,何峻毅,浙江,1997/8/2,SWMMS0063438,N
20210923,游泳,男子100米自由泳,1,2,杨金潼,天津,1998/12/18,SWMMS0003422,N
20210923,游泳,男子100米自由泳,1,3,潘展乐,浙江,2004/8/4,SWMMS0063465,N
20210923,游泳,男子200米蛙泳,1,1,覃海洋,上海,1999/5/17,SWMMS0051838,N
20210923,游泳,男子200米蛙泳,1,2,闫子贝,湖北,1995/10/12,SWMMS0103751,N
20210923,游泳,男子200米蛙泳,1,3,余宗达,湖北,2002/12/9,SWMMS0103759,N
20210923,游泳,男子800米自由泳,1,1,张子扬,湖北,2001/1/1,SWMMS0103768,N
20210923,游泳,男子800米自由泳,1,2,季新杰,山东,1997/10/27,SWMMS0086017,N
20210923,游泳,男子800米自由泳,1,3,程龙,山东,2000/5/25,SWMMS0085904,N
20210923,游泳,女子200米蝶泳,2,1,张雨霏,江苏,1998/4/19,SWMWS0055082,N
20210923,游泳,女子200米蝶泳,2,2,朱嘉铭,福建,2001/8/14,SWMWS0070014,N
20210923,游泳,女子200米蝶泳,2,3,刘祉彤,山西,2004/2/3,SWMWS0017793,N
20210923,游泳,女子4×200米自由泳接力,2,1,联合队,联合队,,,Y
20210923,游泳,女子4×200米自由泳接力,2,2,辽宁,辽宁,,,Y
20210923,游泳,女子4×200米自由泳接力,2,3,河北,河北,,,Y
20210923,跆拳道,男子58公斤级,1,1,梁育帅,山东,2000/9/10,TKWMS0085037,N
20210923,跆拳道,男子58公斤级,1,2,王余龙,江苏,1999/10/8,TKWMS0054997,N
20210923,跆拳道,男子58公斤级,1,3,李宇鹏,山西,1999/8/5,TKWMS0017393,N
20210923,跆拳道,男子58公斤级,1,3,吴瑞东,江苏,1997/9/16,TKWMS0055004,N
20210923,跆拳道,女子49公斤级,2,1,左菊,天津,2000/2/10,TKWWS0003392,N
20210923,跆拳道,女子49公斤级,2,2,王肖璐,山东,2003/3/9,TKWWS0085471,N
20210923,跆拳道,女子49公斤级,2,3,刘凯琪,安徽,1999/12/5,TKWWS0066809,N
20210923,跆拳道,女子49公斤级,2,3,伍嘉怡,广东,1996/10/6,TKWWS0118854,N
20210923,沙滩排球,男子17岁以下组,1,1,浙江青年一队,浙江,,,Y
20210923,沙滩排球,男子17岁以下组,1,2,江苏青年二队,江苏,,,Y
20210923,沙滩排球,男子17岁以下组,1,3,山东青年一队,山东,,,Y
20210923,举重,男子109公斤级,1,1,杨哲,山东,1991/7/14,WLFMS0079680,N
20210923,举重,男子109公斤级,1,2,吴长升,广西,1995/3/17,WLFMS0125971,N
20210923,举重,男子109公斤级,1,3,石禅龙,湖南,1998/4/25,WLFMS0109396,N
20210923,举重,男子96公斤级,1,1,田涛,湖北,1994/4/8,WLFMS0103455,N
20210923,举重,男子96公斤级,1,2,孙伟,湖南,1993/2/4,WLFMS0109407,N
20210923,举重,男子96公斤级,1,3,赵永超,福建,1995/3/16,WLFMS0069075,N
20210923,摔跤,男子自由式57公斤级,1,1,刘明瑚,广西,1998/7/28,WREMS0126174,N
20210923,摔跤,男子自由式57公斤级,1,2,邹万豪,广西,1998/3/29,WREMS0126358,N
20210923,摔跤,男子自由式57公斤级,1,3,李威宇,江西,1999/5/12,WREMS0071949,N
20210923,摔跤,男子自由式57公斤级,1,3,梁少峰,广东,1992/8/23,WREMS0116683,N
20210923,摔跤,男子自由式65公斤级,1,1,袁绍华,浙江,1997/10/12,WREMS0062491,N
20210923,摔跤,男子自由式65公斤级,1,2,叶尔兰别克・卡泰,甘肃,1990/7/16,WREMS0147312,N
20210923,摔跤,男子自由式65公斤级,1,3,吾热尼拜・努尔兰别克,甘肃,1999/9/12,WREMS0147297,N
20210923,摔跤,男子自由式65公斤级,1,3,哈斯巴格那,内蒙古,1993/12/6,WREMS0022068,N
20210923,摔跤,男子自由式74公斤级,1,1,孟和吉干,内蒙古,1992/2/28,WREMS0022323,N
20210923,摔跤,男子自由式74公斤级,1,2,加尼波塔・杰肯,新疆,2001/12/1,WREMS0150524,N
20210923,摔跤,男子自由式74公斤级,1,3,夏圣松,重庆,1997/7/12,WREMS0129819,N
20210923,摔跤,男子自由式74公斤级,1,3,凌海威,火车头体协,1991/7/28,WREMS0153759,N
20210923,摔跤,男子自由式86公斤级,1,1,林祖沈,前卫体协,1994/3/1,WREMS0126167,N
20210923,摔跤,男子自由式86公斤级,1,2,刚苏和,内蒙古,1998/8/8,WREMS0022023,N
20210923,摔跤,男子自由式86公斤级,1,3,徐大男,吉林,1998/2/1,WREMS0041061,N
20210923,摔跤,男子自由式86公斤级,1,3,毕胜峰,山东,1989/1/28,WREMS0079962,N
20210924,射箭,混合反曲弓团体,X,1,天津,天津,,,Y
20210924,射箭,混合反曲弓团体,X,2,联合队,联合队,,,Y
20210924,射箭,混合反曲弓团体,X,3,江苏,江苏,,,Y
20210924,田径,男子1500米,1,1,梁琪,辽宁,1998/3/21,ATHMS0157603,N
20210924,田径,男子1500米,1,2,游俊杰,四川,1996/8/25,ATHMS0157604,N
20210924,田径,男子1500米,1,3,刘德助,广西,2000/9/16,ATHMS0157586,N
20210924,田径,男子20公里竞走团体,1,1,云南,云南,,,Y
20210924,田径,男子20公里竞走团体,1,2,山东,山东,,,Y
20210924,田径,男子20公里竞走团体,1,3,内蒙古,内蒙古,,,Y
20210924,田径,男子4x100米接力,1,1,奥运联队,联合队,,,Y
20210924,田径,男子4x100米接力,1,2,江苏,江苏,,,Y
20210924,田径,男子4x100米接力,1,3,四川,四川,,,Y
20210924,田径,男子跳高,1,1,王振,江苏,2001/10/7,ATHMS0157694,N
20210924,田径,男子跳高,1,2,李佳伦,黑龙江,1995/4/16,ATHMS0157696,N
20210924,田径,男子跳高,1,3,王宇,北京,1991/8/18,ATHMS0157692,N
20210924,田径,女子1500米,2,1,王春雨,安徽,1995/1/17,ATHWS0157898,N
20210924,田径,女子1500米,2,2,胡志英,四川,1997/7/7,ATHWS0157909,N
20210924,田径,女子1500米,2,3,郑小倩,浙江,1996/8/15,ATHWS0157906,N
20210924,田径,女子20公里竞走,2,1,杨家玉,内蒙古,1996/2/18,ATHWS0158224,N
20210924,田径,女子20公里竞走,2,2,切阳什姐,青海,1990/11/11,ATHWS0158226,N
20210924,田径,女子20公里竞走,2,3,杨柳静,陕西,1998/8/22,ATHWS0158228,N
20210924,田径,女子4x100米接力,2,1,奥运联队,联合队,,,Y
20210924,田径,女子4x100米接力,2,2,江苏,江苏,,,Y
20210924,田径,女子4x100米接力,2,3,广东,广东,,,Y
20210924,田径,女子跳远,2,1,龚璐颖,浙江,2000/2/22,ATHWS0158027,N
20210924,田径,女子跳远,2,2,谈梦怡,江苏,2002/9/5,ATHWS0158033,N
20210924,田径,女子跳远,2,3,华诗慧,浙江,2003/8/1,ATHWS0158041,N
20210924,五人制篮球,女子成年组,2,1,联合队,联合队,,,Y
20210924,五人制篮球,女子成年组,2,2,江苏,江苏,,,Y
20210924,五人制篮球,女子成年组,2,3,广东,广东,,,Y
20210924,公路自行车,男子个人计时赛,1,1,薛铭,天津,2000/3/17,CRDMS0003048,N
20210924,公路自行车,男子个人计时赛,1,2,白利君,黑龙江,1988/11/19,CRDMS0048235,N
20210924,公路自行车,男子个人计时赛,1,3,郭亮,江苏,1998/12/24,CRDMS0054206,N
20210924,公路自行车,女子个人计时赛,2,1,王亭亭,辽宁,2000/5/10,CRDWS0026682,N
20210924,公路自行车,女子个人计时赛,2,2,魏苏婉,江苏,2003/7/18,CRDWS0054244,N
20210924,公路自行车,女子个人计时赛,2,3,谭佳乐,辽宁,1997/9/10,CRDWS0026655,N
20210924,体操,女子个人全能,2,1,韦筱圆,广西,2004/8/25,GARWS0127395,N
20210924,体操,女子个人全能,2,2,欧钰珊,广东,2004/1/13,GARWS0120336,N
20210924,体操,女子个人全能,2,3,罗蕊,广东,2005/11/26,GARWS0120329,N
20210924,高尔夫球,男子个人,1,1,袁也淳,海南,1997/3/21,GLFMS0000367,N
20210924,高尔夫球,男子个人,1,2,李昊桐,广东,1995/8/3,GLFMS0124029,N
20210924,高尔夫球,男子个人,1,3,吴阿顺,上海,1985/6/22,GLFMS0053078,N
20210924,高尔夫球,男子团体,1,1,陕西,陕西,,,Y
20210924,高尔夫球,男子团体,1,2,广东,广东,,,Y
20210924,高尔夫球,男子团体,1,3,天津,天津,,,Y
20210924,高尔夫球,女子个人,2,1,林希妤,广东,1996/2/25,GLFWS0124033,N
20210924,高尔夫球,女子个人,2,2,任h,云南,2000/12/18,GLFWS0140210,N
20210924,高尔夫球,女子个人,2,3,刘钰,广东,1995/11/15,GLFWS0124039,N
20210924,高尔夫球,女子团体,2,1,广东,广东,,,Y
20210924,高尔夫球,女子团体,2,2,陕西,陕西,,,Y
20210924,高尔夫球,女子团体,2,3,天津,天津,,,Y
20210924,曲棍球,女子曲棍球,2,1,联合队,联合队,,,Y
20210924,曲棍球,女子曲棍球,2,2,四川,四川,,,Y
20210924,曲棍球,女子曲棍球,2,3,广东,广东,,,Y
20210924,帆船,女子帆板RS：X级长距离和障碍滑全能,2,1,闫铮,浙江,2001/10/24,SALWS0061792,N
20210924,帆船,女子帆板RS：X级长距离和障碍滑全能,2,2,史红梅,浙江,1996/11/15,SALWS0061739,N
20210924,帆船,女子帆板RS：X级长距离和障碍滑全能,2,3,卢云秀,福建,1996/9/6,SALWS0068832,N
20210924,游泳,男子200米仰泳,1,1,徐嘉余,浙江,1995/8/19,SWMMS0063492,N
20210924,游泳,男子200米仰泳,1,2,李广源,浙江,1997/2/27,SWMMS0063445,N
20210924,游泳,男子200米仰泳,1,3,陶冠男,广东,2004/4/23,SWMMS0119374,N
20210924,游泳,男子200米个人混合泳,1,1,汪顺,浙江,1994/2/11,SWMMS0063479,N
20210924,游泳,男子200米个人混合泳,1,2,覃海洋,上海,1999/5/17,SWMMS0051838,N
20210924,游泳,男子200米个人混合泳,1,3,刘宗毓,山东,2002/9/21,SWMMS0086161,N
20210924,游泳,女子100米自由泳,2,1,杨浚u,山东,2002/1/26,SWMWS0086444,N
20210924,游泳,女子100米自由泳,2,2,程玉洁,江西,2005/9/22,SWMWS0073366,N
20210924,游泳,女子100米自由泳,2,3,吴卿风,浙江,2003/1/28,SWMWS0063484,N
20210924,游泳,女子200米蛙泳,2,1,于静瑶,北京,1999/2/13,SWMWS0001415,N
20210924,游泳,女子200米蛙泳,2,2,叶诗文,浙江,1996/3/1,SWMWS0063498,N
20210924,游泳,女子200米蛙泳,2,3,唐钱婷,上海,2004/3/14,SWMWS0051839,N
20210924,跆拳道,男子68公斤级,1,1,赵帅,江苏,1995/8/15,TKWMS0055021,N
20210924,跆拳道,男子68公斤级,1,2,陈博琳,吉林,1996/8/30,TKWMS0041767,N
20210924,跆拳道,男子68公斤级,1,3,杨文成,陕西,1999/6/18,TKWMS0144308,N
20210924,跆拳道,男子68公斤级,1,3,林文烨,福建,1999/9/19,TKWMS0069784,N
20210924,跆拳道,女子57公斤级,2,1,周俐君,江西,1999/1/21,TKWWS0073336,N
20210924,跆拳道,女子57公斤级,2,2,骆宗诗,湖南,1998/10/14,TKWWS0110272,N
20210924,跆拳道,女子57公斤级,2,3,单云云,江苏,1998/3/24,TKWWS0054946,N
20210924,跆拳道,女子57公斤级,2,3,尹元红,山东,1995/2/23,TKWWS0085635,N
20210924,乒乓球,混合双打,X,1,许昕/刘诗雯,联合队,,,Y
20210924,乒乓球,混合双打,X,2,曹巍/王曼昱,黑龙江,,,Y
20210924,乒乓球,混合双打,X,3,孙闻/钱天一,江苏,,,Y
20210924,沙滩排球,女子成年组,2,1,联合一队,联合队,,,Y
20210924,沙滩排球,女子成年组,2,2,联合二队,联合队,,,Y
20210924,沙滩排球,女子成年组,2,3,江苏一队,江苏,,,Y
20210924,排球,男子20岁以下组,1,1,山东,山东,,,Y
20210924,排球,男子20岁以下组,1,2,浙江,浙江,,,Y
20210924,排球,男子20岁以下组,1,3,北京,北京,,,Y
20210924,举重,男子109公斤以上级,1,1,艾雨南,北京,1991/6/21,WLFMS0000946,N
20210924,举重,男子109公斤以上级,1,2,王大贺,湖北,1995/4/6,WLFMS0154375,N
20210924,举重,男子109公斤以上级,1,3,周鑫,吉林,1999/8/7,WLFMS0040746,N
20210924,摔跤,男子自由式125公斤级,1,1,邓志伟,山东,1988/2/1,WREMS0080114,N
20210924,摔跤,男子自由式125公斤级,1,2,押投疃敦,内蒙古,2000/5/15,WREMS0021850,N
20210924,摔跤,男子自由式125公斤级,1,3,王春阳,山东,1991/4/10,WREMS0081316,N
20210924,摔跤,男子自由式125公斤级,1,3,松布尔,内蒙古,1996/10/1,WREMS0022500,N
20210924,摔跤,男子自由式97公斤级,1,1,杨超强,山东,1995/2/1,WREMS0081697,N
20210924,摔跤,男子自由式97公斤级,1,2,哈比拉・阿吾萨衣满,新疆,1998/6/1,WREMS0150468,N
20210924,摔跤,男子自由式97公斤级,1,3,木黑特・吐尔逊别克,甘肃,1997/2/23,WREMS0147259,N
20210924,摔跤,男子自由式97公斤级,1,3,张学义,山东,1988/10/14,WREMS0081999,N
20210924,摔跤,女子自由式50公斤级,2,1,朱江,江苏,1997/3/8,WREWS0054755,N
20210924,摔跤,女子自由式50公斤级,2,2,黎彩萍,广东,1999/1/28,WREWS0116601,N
20210924,摔跤,女子自由式50公斤级,2,3,孙亚楠,辽宁,1992/9/15,WREWS0029058,N
20210924,摔跤,女子自由式50公斤级,2,3,范猛,辽宁,1998/9/17,WREWS0028641,N
20210924,摔跤,女子自由式53公斤级,2,1,庞倩玉,湖南,1996/11/13,WREWS0109711,N
20210924,摔跤,女子自由式53公斤级,2,2,罗兰暖,广东,1999/12/13,WREWS0116762,N
20210924,摔跤,女子自由式53公斤级,2,3,李晶晶,广东,2000/6/18,WREWS0116632,N
20210924,摔跤,女子自由式53公斤级,2,3,谢梦雨,四川,1994/2/25,WREWS0131826,N
20210924,摔跤,女子自由式57公斤级,2,1,荣宁宁,新疆,1997/10/5,WREWS0150726,N
20210924,摔跤,女子自由式57公斤级,2,2,冯家敏,吉林,1992/7/28,WREWS0040798,N
20210924,摔跤,女子自由式57公斤级,2,3,李倩,湖北,1994/3/5,WREWS0103500,N
20210924,摔跤,女子自由式57公斤级,2,3,冯泳欣,广东,2000/8/29,WREWS0116473,N
20210924,武术散打,男子60公斤级,1,1,孔洪星,河南,1992/2/12,WSDMS0102419,N
20210924,武术散打,男子60公斤级,1,2,张育华,山东,2002/10/5,WSDMS0092085,N
20210924,武术散打,男子60公斤级,1,3,邹胡伟,安徽,1994/9/18,WSDMS0067399,N
20210924,武术散打,男子60公斤级,1,3,陈鸿儒,浙江,1996/6/18,WSDMS0064799,N
20210924,武术散打,男子75公斤级,1,1,柳文龙,河南,1996/9/12,WSDMS0102488,N
20210924,武术散打,男子75公斤级,1,2,张坤,陕西,1993/7/16,WSDMS0146628,N
20210924,武术散打,男子75公斤级,1,3,咸博文,福建,1997/9/19,WSDMS0070807,N
20210924,武术散打,男子75公斤级,1,3,苗陈雷,黑龙江,1990/2/11,WSDMS0050128,N
20210924,武术散打,男子90公斤级,1,1,尤雄,四川,1995/11/20,WSDMS0155354,N
20210924,武术散打,男子90公斤级,1,2,王少华,河南,1998/8/3,WSDMS0102593,N
20210924,武术散打,男子90公斤级,1,3,吴超,云南,1996/2/2,WSDMS0140362,N
20210924,武术散打,男子90公斤级,1,3,李博,安徽,1995/10/3,WSDMS0067340,N
20210924,武术散打,男子团体,1,1,河南,河南,,,Y
20210924,武术散打,男子团体,1,2,重庆,重庆,,,Y
20210924,武术散打,男子团体,1,3,安徽,安徽,,,Y
20210924,武术散打,男子团体,1,3,福建,福建,,,Y
20210924,武术散打,女子团体,2,1,上海,上海,,,Y
20210924,武术散打,女子团体,2,2,陕西,陕西,,,Y
20210924,武术散打,女子团体,2,3,安徽,安徽,,,Y
20210924,武术散打,女子团体,2,3,湖北,湖北,,,Y
